prob,label
0.9999304,1.0
0.99997735,1.0
0.9998242,1.0
0.999546,1.0
0.99998164,1.0
0.99995697,1.0
0.99987864,1.0
0.9995096,1.0
0.9999156,1.0
0.9999671,1.0
0.9679602,1.0
0.9716754,1.0
0.9348027,1.0
0.90012443,1.0
0.91143185,1.0
0.98607486,1.0
0.99237496,1.0
0.9926924,1.0
0.99993825,1.0
0.99997723,1.0
0.98564494,1.0
0.9865769,1.0
0.9944876,1.0
0.97605383,1.0
0.997074,1.0
0.99833554,1.0
0.998616,1.0
0.9946548,1.0
0.9943019,1.0
0.98607486,1.0
0.99585754,1.0
0.9843711,1.0
0.9952819,1.0
0.99419373,1.0
0.99620795,1.0
0.9943721,1.0
0.99223775,1.0
0.9943719,1.0
0.9914424,1.0
0.99555284,1.0
0.9786234,1.0
0.9920082,1.0
0.9889586,1.0
0.99254626,1.0
0.9898975,1.0
0.993793,1.0
0.9932769,1.0
0.9949083,1.0
0.99546546,1.0
0.9922403,1.0
0.99071336,1.0
0.99142015,1.0
0.99256504,1.0
0.97494,1.0
0.98949695,1.0
0.97915024,1.0
0.9929796,1.0
0.9950901,1.0
0.99465805,1.0
0.9933122,1.0
0.9939115,1.0
0.9961522,1.0
0.99136657,1.0
0.99564075,1.0
0.988983,1.0
0.9964813,1.0
0.98973185,1.0
0.9893706,1.0
0.98412144,1.0
0.98756033,1.0
0.98852557,1.0
0.9968836,1.0
0.9969024,1.0
0.996885,1.0
0.99189353,1.0
0.98838997,1.0
0.9937634,1.0
0.9940204,1.0
0.99638283,1.0
0.99439996,1.0
0.9956851,1.0
0.99730825,1.0
0.99813193,1.0
0.9929987,1.0
0.99352515,1.0
0.9784508,1.0
0.99144846,1.0
0.9955101,1.0
0.9966162,1.0
0.98682237,1.0
0.9966127,1.0
0.9957306,1.0
0.9969472,1.0
0.9955646,1.0
0.9940043,1.0
0.9954769,1.0
0.9940294,1.0
0.9963517,1.0
0.9790227,1.0
0.9942306,1.0
0.99068505,1.0
0.9945315,1.0
0.9951675,1.0
0.99449944,1.0
0.9957539,1.0
0.9961689,1.0
0.9919125,1.0
0.99338794,1.0
0.99417216,1.0
0.98381364,1.0
0.99277604,1.0
0.99169695,1.0
0.9926795,1.0
0.9941287,1.0
0.9831972,1.0
0.9949911,1.0
0.9675962,1.0
0.98328537,1.0
0.9937977,1.0
0.9965816,1.0
0.99557614,1.0
0.99658763,1.0
0.9972464,1.0
0.98837715,1.0
0.9898381,1.0
0.9912928,1.0
0.99722207,1.0
0.99262166,1.0
0.99633706,1.0
0.99231344,1.0
0.996302,1.0
0.996822,1.0
0.9972511,1.0
0.9965288,1.0
0.9955088,1.0
0.99657,1.0
0.99646336,1.0
0.9970463,1.0
0.9888754,1.0
0.9983917,1.0
0.98921025,1.0
0.99432784,1.0
0.9946228,1.0
0.98874027,1.0
0.98312485,1.0
0.9891076,1.0
0.99104416,1.0
0.99261755,1.0
0.99629754,1.0
0.9930692,1.0
0.9932747,1.0
0.97904086,1.0
0.93132466,1.0
0.86175716,1.0
0.7597097,1.0
0.87369156,1.0
0.8782355,1.0
0.88458806,1.0
0.87193197,1.0
0.9064685,1.0
0.95133,1.0
0.915055,1.0
0.844611,1.0
0.9938992,1.0
0.9961514,1.0
0.98890775,1.0
0.98982275,1.0
0.99375486,1.0
0.9920982,1.0
0.9880432,1.0
0.9869421,1.0
0.98963344,1.0
0.89817387,1.0
0.8490885,1.0
0.83373266,1.0
0.81666356,1.0
0.008401406,1.0
0.011126483,1.0
0.009058478,1.0
0.01183011,1.0
0.9976488,1.0
0.9973494,1.0
0.9991072,1.0
0.98944235,1.0
0.9978027,1.0
0.99839395,1.0
0.9986524,1.0
0.9956626,1.0
0.9943614,1.0
0.9947273,1.0
0.9955096,1.0
0.99539596,1.0
0.99650383,1.0
0.9979517,1.0
0.9977622,1.0
0.997905,1.0
0.9981109,1.0
0.9984236,1.0
0.99925405,1.0
0.99508274,1.0
0.99611664,1.0
0.9960828,1.0
0.9961379,1.0
0.9983706,1.0
0.99792176,1.0
0.9984773,1.0
0.99807334,1.0
0.9985917,1.0
0.99919194,1.0
0.48409817,1.0
0.46723947,1.0
0.71463346,1.0
0.21493085,1.0
0.30200577,1.0
0.57543844,1.0
0.23430416,1.0
0.3899699,1.0
0.32243246,1.0
0.35207704,1.0
0.34582296,1.0
0.40192434,1.0
0.53447795,1.0
0.5594961,1.0
0.51288974,1.0
0.51149887,1.0
0.5941835,1.0
0.73380846,1.0
0.41742834,1.0
0.36107963,1.0
0.39548755,1.0
0.41470346,1.0
0.42574358,1.0
0.600733,1.0
0.57144225,1.0
0.53345114,1.0
0.6026625,1.0
0.55672264,1.0
0.61736923,1.0
0.73800755,1.0
0.3483166,1.0
0.141272,1.0
0.31503108,1.0
0.29020923,1.0
0.24592431,1.0
0.28064862,1.0
0.42639688,1.0
0.37210813,1.0
0.149486,1.0
0.2669948,1.0
0.26704976,1.0
0.20903388,1.0
0.36859736,1.0
0.29049045,1.0
0.22773401,1.0
0.2510498,1.0
0.24823867,1.0
0.28567252,1.0
0.40182033,1.0
0.40430182,1.0
0.39657205,1.0
0.47901967,1.0
0.6124868,1.0
0.25349304,1.0
0.2788226,1.0
0.30299008,1.0
0.29790434,1.0
0.45978236,1.0
0.45181394,1.0
0.4032427,1.0
0.48235098,1.0
0.18545999,1.0
0.016542235,1.0
0.17980224,1.0
0.015755134,1.0
0.9404259,1.0
0.8652156,1.0
0.92648906,1.0
0.8674608,1.0
0.93041295,1.0
0.90947574,1.0
0.73065746,1.0
0.65465236,1.0
0.6825638,1.0
0.7956763,1.0
0.37865022,1.0
0.47444463,1.0
0.2533474,1.0
0.97014093,1.0
0.97772175,1.0
0.97641164,1.0
0.9588722,1.0
0.9848765,1.0
0.9474635,1.0
0.7624712,1.0
0.98934656,1.0
0.9852726,1.0
0.98833746,1.0
0.9881356,1.0
0.9820597,1.0
0.96519244,1.0
0.9761713,1.0
0.963656,1.0
0.9729153,1.0
0.98126423,1.0
0.98067766,1.0
0.97889394,1.0
0.97611374,1.0
0.98233324,1.0
0.9874364,1.0
0.9925262,1.0
0.989484,1.0
0.99156547,1.0
0.9915672,1.0
0.9869376,1.0
0.974021,1.0
0.98207915,1.0
0.9730093,1.0
0.9800647,1.0
0.9856959,1.0
0.9853387,1.0
0.98424256,1.0
0.98236763,1.0
0.9875678,1.0
0.9907052,1.0
0.992376,1.0
0.98901856,1.0
0.9911485,1.0
0.9912781,1.0
0.986121,1.0
0.97151935,1.0
0.98170036,1.0
0.971747,1.0
0.97921056,1.0
0.9853382,1.0
0.9840148,1.0
0.9820722,1.0
0.98721516,1.0
0.99066836,1.0
0.9839212,1.0
0.97870517,1.0
0.98287684,1.0
0.9826256,1.0
0.9748683,1.0
0.95477605,1.0
0.96678793,1.0
0.95279706,1.0
0.9634061,1.0
0.9736347,1.0
0.9723982,1.0
0.9707199,1.0
0.9667972,1.0
0.97607553,1.0
0.9812282,1.0
0.9950105,1.0
0.9930918,1.0
0.99440813,1.0
0.99430335,1.0
0.9913139,1.0
0.98214275,1.0
0.9875113,1.0
0.9807842,1.0
0.98605263,1.0
0.9903756,1.0
0.988907,1.0
0.9878445,1.0
0.99141556,1.0
0.9937172,1.0
0.995729,1.0
0.9966737,1.0
0.99567884,1.0
0.99346477,1.0
0.99700457,1.0
0.9955967,1.0
0.99118984,1.0
0.98987794,1.0
0.99729806,1.0
0.9948289,1.0
0.99592716,1.0
0.99432075,1.0
0.99454594,1.0
0.9939401,1.0
0.99043965,1.0
0.99636877,1.0
0.88885987,1.0
0.96195763,1.0
0.9752576,1.0
0.935417,1.0
0.9807689,1.0
0.96687764,1.0
0.95089453,1.0
0.8280406,1.0
0.8157057,1.0
0.81291324,1.0
0.7898561,1.0
0.8404755,1.0
0.67981154,1.0
0.8314715,1.0
0.5629105,1.0
0.58979803,1.0
0.6113529,1.0
0.6159335,1.0
0.6724649,1.0
0.7541586,1.0
0.73031086,1.0
0.7043622,1.0
0.55410415,1.0
0.58462256,1.0
0.8085128,1.0
0.57696086,1.0
0.77632004,1.0
0.7034719,1.0
0.6316151,1.0
0.7314558,1.0
0.59354407,1.0
0.5128103,1.0
0.6841029,1.0
0.77268744,1.0
0.6967158,1.0
0.80576575,1.0
0.85252,1.0
0.7762836,1.0
0.8462558,1.0
0.73432076,1.0
0.62699217,1.0
0.7101752,1.0
0.5925522,1.0
0.7008027,1.0
0.6092986,1.0
0.9968727,1.0
0.9983729,1.0
0.16322343,1.0
0.05061265,1.0
0.1690445,1.0
0.050739862,1.0
0.20947438,1.0
0.2619647,1.0
0.24846639,1.0
0.9307025,1.0
0.032813173,1.0
0.03512872,1.0
0.21996185,1.0
0.03917244,1.0
0.17801501,1.0
0.20195083,1.0
0.025607394,1.0
0.035558272,1.0
0.1165158,1.0
0.09680831,1.0
0.8401435,1.0
0.8197116,1.0
0.71303374,1.0
0.89909947,1.0
0.65502274,1.0
0.79364187,1.0
0.8556091,1.0
0.8901641,1.0
0.5671412,1.0
0.7229251,1.0
0.7466999,1.0
0.83508295,1.0
0.82783395,1.0
0.7186194,1.0
0.78790444,1.0
0.7704905,1.0
0.85338837,1.0
0.63919836,1.0
0.76339644,1.0
0.60488683,1.0
0.69780403,1.0
0.8382597,1.0
0.8506968,1.0
0.8486551,1.0
0.8610598,1.0
0.81790453,1.0
0.5484036,1.0
0.34354147,1.0
0.50199026,1.0
0.48395932,1.0
0.48920697,1.0
0.5036639,1.0
0.38500988,1.0
0.573405,1.0
0.47483957,1.0
0.41575697,1.0
0.55213594,1.0
0.3737424,1.0
0.34167847,1.0
0.37307936,1.0
0.31447956,1.0
0.7476228,1.0
0.2567608,1.0
0.30319068,1.0
0.8672716,1.0
0.8752563,1.0
0.8981436,1.0
0.8863529,1.0
0.8832239,1.0
0.7401923,1.0
0.74947697,1.0
0.7876821,1.0
0.4864352,1.0
0.898964,1.0
0.9353859,1.0
0.98750997,1.0
0.04008575,1.0
0.040381692,1.0
0.4314012,1.0
0.86706656,1.0
0.9354302,1.0
0.91858464,1.0
0.99566096,1.0
0.99207425,1.0
0.99326795,1.0
0.69393474,1.0
0.13083997,1.0
0.9962649,1.0
0.9789049,1.0
0.8143301,1.0
0.9933068,1.0
0.8658243,1.0
0.8529517,1.0
0.97644854,1.0
0.67154455,1.0
0.9941645,1.0
0.597966,1.0
0.9037081,1.0
0.985098,1.0
0.99162173,1.0
0.9797188,1.0
0.99687046,1.0
0.91350347,1.0
0.10231786,1.0
0.9971048,1.0
0.96525353,1.0
0.99406505,1.0
0.9764039,1.0
0.83473563,1.0
0.66028666,1.0
0.6903892,1.0
0.91563064,1.0
0.99464756,1.0
0.9493592,1.0
0.9804914,1.0
0.99439245,1.0
0.97608256,1.0
0.99136615,1.0
0.99519676,1.0
0.9949685,1.0
0.9910782,1.0
0.987927,1.0
0.995285,1.0
0.9834267,1.0
0.9974443,1.0
0.9977858,1.0
0.99825865,1.0
0.9969277,1.0
0.99723804,1.0
0.9910052,1.0
0.9918566,1.0
0.99284476,1.0
0.9973316,1.0
0.99727875,1.0
0.27761504,0.0
0.011244927,0.0
0.0007079478,0.0
7.0928916e-05,0.0
0.82605076,0.0
0.011155943,0.0
0.9707134,0.0
0.7304812,0.0
0.008176482,0.0
0.4025584,0.0
0.0036547396,0.0
0.010943613,0.0
0.033295054,0.0
0.004292663,0.0
0.0003799626,0.0
0.049248364,0.0
0.012252391,0.0
0.017291505,0.0
0.005963988,0.0
0.0056518824,0.0
0.003247246,0.0
0.21366453,0.0
0.03974163,0.0
0.0025802439,0.0
0.8515023,0.0
0.0073722117,0.0
0.008928098,0.0
0.0006810497,0.0
0.016060697,0.0
0.10678439,0.0
0.0049725045,0.0
0.9936054,0.0
0.00088017754,0.0
0.014755688,0.0
0.004552629,0.0
0.066779986,0.0
0.00987848,0.0
0.020954167,0.0
0.007497037,0.0
0.003313652,0.0
0.008930557,0.0
0.0014503559,0.0
0.0050866613,0.0
0.13757597,0.0
0.0048716916,0.0
0.040359545,0.0
0.0024500499,0.0
0.0054211603,0.0
0.0023238424,0.0
0.007906906,0.0
0.005432317,0.0
0.3858073,0.0
0.0035530443,0.0
0.01952661,0.0
0.008819754,0.0
0.009132888,0.0
0.9906963,0.0
0.0128980335,0.0
0.34962386,0.0
0.061470516,0.0
0.0011913198,0.0
0.008767821,0.0
0.00467397,0.0
0.053009797,0.0
0.34227046,0.0
0.0022207575,0.0
0.00023036501,0.0
0.17277591,0.0
0.014511194,0.0
0.0002909534,0.0
0.011924541,0.0
0.8487576,0.0
0.008183977,0.0
0.005417223,0.0
0.9302284,0.0
0.044233993,0.0
0.008926485,0.0
0.001020216,0.0
0.7326986,0.0
0.012459876,0.0
0.024335992,0.0
0.032934528,0.0
0.01982879,0.0
0.0009116995,0.0
0.012390798,0.0
0.0024588911,0.0
0.00056830066,0.0
0.0018156465,0.0
0.00065787305,0.0
0.0021854183,0.0
0.0049759834,0.0
0.019932741,0.0
0.014470799,0.0
0.0009018857,0.0
0.031200383,0.0
0.0035482934,0.0
0.05548202,0.0
0.024528684,0.0
0.025372114,0.0
0.21517871,0.0
0.0059684003,0.0
0.02682412,0.0
0.03655342,0.0
0.00026161052,0.0
0.040218595,0.0
0.04039637,0.0
0.09758142,0.0
0.029019972,0.0
0.016694235,0.0
0.0025860574,0.0
0.028867524,0.0
0.016618758,0.0
0.0074467584,0.0
0.0028250348,0.0
0.00061983924,0.0
0.034584705,0.0
0.011777921,0.0
0.0044353036,0.0
0.010324868,0.0
0.0026105796,0.0
0.22299652,0.0
0.0009178376,0.0
0.007313377,0.0
0.02482948,0.0
0.00034858598,0.0
0.32601184,0.0
0.0038815106,0.0
0.004848448,0.0
0.0061012134,0.0
0.00096615485,0.0
0.011544293,0.0
0.12142518,0.0
0.0058435053,0.0
0.009164567,0.0
0.010730226,0.0
0.010910903,0.0
0.32527685,0.0
0.023487324,0.0
0.012058045,0.0
0.0027047803,0.0
0.13405173,0.0
0.03467573,0.0
0.0060398197,0.0
0.71162796,0.0
0.0052623847,0.0
0.011462544,0.0
0.007241431,0.0
0.002093387,0.0
0.0010790337,0.0
0.002537442,0.0
0.001533953,0.0
0.0027210538,0.0
0.020671584,0.0
0.104670435,0.0
0.014525877,0.0
0.38423517,0.0
0.043991458,0.0
0.89384973,0.0
0.0003288406,0.0
0.20916706,0.0
0.034132402,0.0
0.0075310143,0.0
0.455537,0.0
0.0037448227,0.0
0.023866234,0.0
0.49546108,0.0
0.018825985,0.0
0.5315591,0.0
0.07733407,0.0
0.00451359,0.0
0.00054974423,0.0
0.0069137416,0.0
5.376258e-05,0.0
0.06472842,0.0
5.5523483e-06,0.0
0.16690935,0.0
0.0002337749,0.0
0.03225966,0.0
0.7167184,0.0
0.016010972,0.0
0.015172397,0.0
0.05369684,0.0
0.48226422,0.0
0.0011242068,0.0
0.21925397,0.0
0.001051962,0.0
0.00019639863,0.0
0.8812114,0.0
0.0016867168,0.0
0.011556739,0.0
0.0151201235,0.0
0.04594321,0.0
0.45940185,0.0
0.0025456946,0.0
0.11692129,0.0
0.105050966,0.0
0.07969023,0.0
0.80685437,0.0
0.00048663217,0.0
0.020027662,0.0
0.08829234,0.0
0.0002613682,0.0
0.028243853,0.0
0.1588692,0.0
0.8782587,0.0
0.061883073,0.0
0.058192052,0.0
0.0038299505,0.0
0.025292912,0.0
0.015291421,0.0
7.268925e-05,0.0
0.013736318,0.0
0.00032620557,0.0
0.00031408772,0.0
0.42024475,0.0
0.0076312465,0.0
0.017955689,0.0
0.006918713,0.0
0.0044371802,0.0
0.012265203,0.0
0.024910053,0.0
0.03728801,0.0
0.22150397,0.0
0.4120627,0.0
0.00073424354,0.0
0.3438515,0.0
0.95122266,0.0
0.031574827,0.0
0.25642306,0.0
0.011437356,0.0
0.025132911,0.0
0.045209024,0.0
0.0138012245,0.0
0.048734125,0.0
8.7195636e-05,0.0
0.017722929,0.0
0.024077777,0.0
0.00018180096,0.0
1.7649303e-05,0.0
9.0790876e-05,0.0
0.004471045,0.0
0.0016603384,0.0
0.017753204,0.0
0.13174275,0.0
0.00026531023,0.0
0.0004896489,0.0
0.012326767,0.0
0.0047781556,0.0
0.010598808,0.0
0.0095437,0.0
0.007312616,0.0
0.008291359,0.0
0.00019817421,0.0
0.0073068026,0.0
0.015240382,0.0
0.0008057684,0.0
0.12986228,0.0
0.004597908,0.0
0.037990253,0.0
0.055764362,0.0
0.0010453272,0.0
0.004698051,0.0
0.5847313,0.0
0.053890377,0.0
0.019511772,0.0
0.023974027,0.0
0.0015519934,0.0
0.7623754,0.0
0.0030052902,0.0
0.035635363,0.0
0.021756403,0.0
0.0072437115,0.0
0.0030558435,0.0
0.0008099369,0.0
0.033538796,0.0
0.00303968,0.0
0.0007008577,0.0
0.09540577,0.0
0.0020623049,0.0
0.004775637,0.0
0.005985301,0.0
0.037481986,0.0
0.005165209,0.0
0.016928041,0.0
0.013434598,0.0
0.002742822,0.0
0.0026142173,0.0
0.010203968,0.0
0.7691548,0.0
0.020438915,0.0
0.016021403,0.0
0.028852824,0.0
0.045668416,0.0
0.008920586,0.0
0.031192198,0.0
0.013411127,0.0
3.9879236e-05,0.0
0.0009710791,0.0
0.91050303,0.0
0.019714514,0.0
0.0014223936,0.0
0.002731724,0.0
0.0004966126,0.0
0.033179913,0.0
0.0050193705,0.0
0.17888498,0.0
0.0070438036,0.0
0.015145686,0.0
0.019146672,0.0
0.010224268,0.0
0.0036894141,0.0
0.00411071,0.0
0.0032364295,0.0
0.3373841,0.0
0.01791284,0.0
0.0422333,0.0
0.223825,0.0
0.8246105,0.0
0.00023717555,0.0
0.002665386,0.0
0.0031918702,0.0
0.0038065624,0.0
0.005889058,0.0
0.011725328,0.0
0.00024107186,0.0
0.005360123,0.0
0.0003123456,0.0
0.0068255193,0.0
0.0038565719,0.0
0.02832757,0.0
0.007580667,0.0
0.5441553,0.0
0.08417125,0.0
0.059195884,0.0
0.67913425,0.0
0.0014129081,0.0
0.01130848,0.0
0.006562346,0.0
0.0053253155,0.0
0.0027786605,0.0
0.005992676,0.0
0.024572447,0.0
0.0066383486,0.0
0.011354572,0.0
0.008381872,0.0
0.020304974,0.0
0.09473069,0.0
0.008114811,0.0
0.0073338095,0.0
0.009864964,0.0
0.0027483134,0.0
0.0002079283,0.0
0.027361175,0.0
0.05092321,0.0
4.7542304e-05,0.0
0.013484854,0.0
0.37068048,0.0
0.035057653,0.0
0.0043216893,0.0
0.0062568616,0.0
0.19038932,0.0
0.10209065,0.0
0.9929289,0.0
0.1587647,0.0
0.16696179,0.0
0.08462742,0.0
0.023116168,0.0
0.9967277,0.0
0.007925327,0.0
0.0002441639,0.0
0.010262145,0.0
0.0040540816,0.0
0.00029013568,0.0
0.009267829,0.0
0.053876642,0.0
0.0017174083,0.0
0.014497153,0.0
0.005735555,0.0
0.011229885,0.0
0.85929275,0.0
0.0034817846,0.0
0.0021609487,0.0
0.0014534448,0.0
0.007818366,0.0
0.006277602,0.0
0.015216971,0.0
0.034194298,0.0
0.019440588,0.0
0.0009540551,0.0
0.03022028,0.0
0.9893868,0.0
0.059742104,0.0
0.012205768,0.0
0.0019562151,0.0
0.013083401,0.0
0.06753021,0.0
0.053929206,0.0
0.01166467,0.0
0.075742394,0.0
0.3945938,0.0
0.002836654,0.0
0.008930224,0.0
0.027379943,0.0
0.005307986,0.0
0.002972362,0.0
0.004565442,0.0
0.0025525936,0.0
0.0015440955,0.0
0.35432312,0.0
0.045782313,0.0
0.00027409435,0.0
0.76474154,0.0
0.15759549,0.0
0.00041771278,0.0
9.8222685e-05,0.0
0.67728233,0.0
0.9503783,0.0
0.014697639,0.0
0.020885265,0.0
0.009587879,0.0
0.0011980799,0.0
0.005149434,0.0
0.04395589,0.0
0.0038071573,0.0
0.01882241,0.0
0.016263258,0.0
0.008082437,0.0
0.9937675,0.0
0.0031583377,0.0
0.00016671285,0.0
0.0005647245,0.0
0.009142741,0.0
0.00055715657,0.0
0.005305049,0.0
0.012194645,0.0
0.016853359,0.0
0.01316415,0.0
0.032506566,0.0
0.36250126,0.0
0.91919786,0.0
0.15043789,0.0
1.46636385e-05,0.0
0.08950675,0.0
0.00036620183,0.0
0.0072117094,0.0
0.0009298499,0.0
0.0007785659,0.0
0.012404885,0.0
0.102302834,0.0
0.018872265,0.0
0.06485618,0.0
0.012752948,0.0
0.061977237,0.0
0.094007805,0.0
0.000108061824,0.0
0.027824534,0.0
0.065749966,0.0
0.020965558,0.0
0.0047935606,0.0
0.017841851,0.0
0.002547497,0.0
0.0006414871,0.0
0.4398233,0.0
9.3811184e-05,0.0
0.00033052498,0.0
0.25131387,0.0
0.00016598195,0.0
0.032576963,0.0
0.015374225,0.0
0.01399334,0.0
0.11441184,0.0
0.0015466707,0.0
0.31500417,0.0
0.1487675,0.0
0.010216396,0.0
0.73839927,0.0
0.34324816,0.0
3.731356e-05,0.0
0.00046422784,0.0
0.11586968,0.0
0.01912239,0.0
0.06736312,0.0
0.0030326825,0.0
0.023257129,0.0
0.07180549,0.0
0.012907904,0.0
0.0011457523,0.0
0.014502755,0.0
0.02082285,0.0
0.9935208,0.0
0.0016275467,0.0
0.040994816,0.0
0.038481098,0.0
0.0043665986,0.0
0.79522455,0.0
0.022755867,0.0
0.037246983,0.0
0.0007533019,0.0
0.02933988,0.0
0.00068624667,0.0
0.06563799,0.0
0.07763679,0.0
0.01919921,0.0
0.0072674933,0.0
0.29254958,0.0
0.010095442,0.0
0.0073679416,0.0
0.000658619,0.0
0.27292797,0.0
0.037352186,0.0
0.010754103,0.0
0.009136721,0.0
0.00046719107,0.0
0.007195678,0.0
0.0005620876,0.0
3.093564e-05,0.0
0.008818675,0.0
0.00022852521,0.0
0.0028200704,0.0
0.9365775,0.0
0.010232908,0.0
0.03140937,0.0
0.00027799173,0.0
0.3851062,0.0
0.0061497097,0.0
0.010591395,0.0
0.15682736,0.0
0.0010824719,0.0
0.007957104,0.0
0.10859024,0.0
0.0054208157,0.0
0.0025709427,0.0
0.010769514,0.0
0.11435671,0.0
0.0065856497,0.0
0.00031604496,0.0
0.0004570183,0.0
0.0153883435,0.0
0.0054027494,0.0
0.0034055824,0.0
0.004682594,0.0
0.010358249,0.0
0.0072487467,0.0
0.0038060509,0.0
0.009380184,0.0
0.090263784,0.0
0.714855,0.0
0.0063944655,0.0
0.0003165274,0.0
0.005787428,0.0
0.012399359,0.0
0.010371881,0.0
0.0035386966,0.0
0.0034687154,0.0
0.47819272,0.0
0.025699405,0.0
0.0033543091,0.0
0.025598055,0.0
0.014478744,0.0
0.012195258,0.0
0.0042200363,0.0
0.03059697,0.0
0.0015689447,0.0
0.00070880965,0.0
0.0013066821,0.0
0.0010238235,0.0
0.01444665,0.0
0.006094361,0.0
0.04644692,0.0
0.0058515193,0.0
0.00013625808,0.0
0.8825828,0.0
0.6488109,0.0
0.052122522,0.0
0.0019141028,0.0
0.07540808,0.0
0.06301795,0.0
0.0052317763,0.0
0.047379754,0.0
0.88839054,0.0
0.30479112,0.0
0.0011150377,0.0
0.034490027,0.0
0.00087825744,0.0
0.0023210892,0.0
0.0012914577,0.0
0.01161312,0.0
0.0007874063,0.0
0.08631832,0.0
0.9706662,0.0
0.026089208,0.0
0.010289481,0.0
0.082110904,0.0
0.031246454,0.0
0.0028738559,0.0
0.09456855,0.0
0.04130568,0.0
0.3141312,0.0
0.92900485,0.0
0.005973715,0.0
0.0050159115,0.0
0.008582559,0.0
0.002133654,0.0
0.003385332,0.0
0.01245723,0.0
0.0005369326,0.0
0.0030404748,0.0
0.025432084,0.0
0.03428933,0.0
0.0038553763,0.0
0.42073283,0.0
0.0046255603,0.0
0.016383102,0.0
0.20026211,0.0
0.039042477,0.0
0.0005312337,0.0
0.0038227711,0.0
0.0033804094,0.0
0.00011580532,0.0
0.001601774,0.0
0.0022613036,0.0
0.0034471436,0.0
0.005982956,0.0
0.0002736507,0.0
0.003329288,0.0
0.090261966,0.0
0.005199579,0.0
0.0024823982,0.0
0.011349283,0.0
0.0014724105,0.0
0.00028263056,0.0
0.009491015,0.0
0.0024604579,0.0
0.0026438937,0.0
0.0065793106,0.0
0.049019773,0.0
0.14848782,0.0
0.25366592,0.0
0.98784155,0.0
0.081336506,0.0
0.33331943,0.0
0.98188454,0.0
0.022521898,0.0
0.043872904,0.0
0.0034384371,0.0
0.00084602577,0.0
0.0003832706,0.0
0.044032697,0.0
0.002039776,0.0
0.0068087894,0.0
0.0011360276,0.0
0.0027946744,0.0
0.008200054,0.0
0.01075811,0.0
0.008310648,0.0
0.98875415,0.0
0.029811202,0.0
0.012362908,0.0
0.0025369988,0.0
0.03182838,0.0
0.00809903,0.0
0.0037050643,0.0
0.0033137877,0.0
0.009672189,0.0
0.0037406944,0.0
0.0049709007,0.0
0.05644037,0.0
0.45681426,0.0
6.315851e-05,0.0
0.033538412,0.0
3.7961694e-05,0.0
0.21000509,0.0
0.012469625,0.0
0.0027213295,0.0
0.010999628,0.0
0.007948474,0.0
0.0014315881,0.0
0.0027905963,0.0
0.0040705726,0.0
0.0061345384,0.0
0.02664165,0.0
0.09013063,0.0
0.008130087,0.0
0.0019521371,0.0
9.828229e-06,0.0
0.0511348,0.0
0.0011711213,0.0
2.3141888e-06,0.0
0.00051030243,0.0
0.008659593,0.0
0.20074864,0.0
0.009568049,0.0
0.91082764,0.0
0.37738466,0.0
0.46593174,0.0
0.00023377356,0.0
0.0073645073,0.0
0.01625627,0.0
0.55966496,0.0
0.01282981,0.0
0.022447854,0.0
0.06796943,0.0
0.011289845,0.0
0.5150331,0.0
0.004771693,0.0
8.926774e-05,0.0
0.0011097102,0.0
0.012203464,0.0
0.026121523,0.0
0.016840579,0.0
0.034712832,0.0
0.00042693736,0.0
4.9615504e-05,0.0
0.00012066702,0.0
0.09903714,0.0
0.0012367048,0.0
0.63553405,0.0
4.1416715e-05,0.0
0.027783241,0.0
0.7619994,0.0
0.0018376968,0.0
0.5176902,0.0
0.063597016,0.0
0.7876892,0.0
0.010850014,0.0
0.00022446044,0.0
0.0006745282,0.0
0.1121931,0.0
0.023551488,0.0
0.02485365,0.0
0.057560407,0.0
0.017332496,0.0
0.00016044617,0.0
0.00024021832,0.0
0.08556569,0.0
0.44026968,0.0
0.020854995,0.0
0.0007453017,0.0
0.00040246203,0.0
0.58106107,0.0
0.0050739474,0.0
0.06760132,0.0
0.015374057,0.0
0.011163377,0.0
0.17527351,0.0
0.054166157,0.0
0.51471865,0.0
5.5020184e-05,0.0
0.008693618,0.0
0.0018211936,0.0
0.030562503,0.0
0.32829162,0.0
0.00089094543,0.0
0.00023174628,0.0
0.005571964,0.0
0.021424806,0.0
0.00043137072,0.0
0.66157466,0.0
0.006155089,0.0
0.00030463043,0.0
0.063515484,0.0
0.0056471513,0.0
0.0008046684,0.0
0.0027169317,0.0
0.00247032,0.0
0.065008424,0.0
0.0002775799,0.0
0.009478596,0.0
0.9583536,0.0
0.00090888573,0.0
0.15446544,0.0
0.0012371572,0.0
0.0065088994,0.0
0.16763243,0.0
0.57213914,0.0
0.010074519,0.0
0.21943857,0.0
0.010636437,0.0
0.9987562,0.0
0.026761917,0.0
0.2733627,0.0
0.0023098565,0.0
0.020129032,0.0
0.0070692655,0.0
0.0031093128,0.0
0.020785585,0.0
0.016375123,0.0
0.026702266,0.0
0.0055198413,0.0
0.04974319,0.0
0.010234662,0.0
0.009737029,0.0
0.004462652,0.0
0.0776517,0.0
0.012886631,0.0
0.5962454,0.0
0.1625989,0.0
0.5545157,0.0
0.028412923,0.0
0.9901507,0.0
0.022291692,0.0
0.0010386122,0.0
0.39869815,0.0
0.026351117,0.0
0.0043348777,0.0
0.029667078,0.0
0.001060454,0.0
0.0041064215,0.0
0.05115249,0.0
0.20829214,0.0
0.3768722,0.0
0.008409509,0.0
0.004143496,0.0
0.8483329,0.0
0.06936565,0.0
0.026641054,0.0
0.33598816,0.0
0.009846685,0.0
0.035593957,0.0
0.00036317628,0.0
0.15327194,0.0
0.37529853,0.0
0.007506218,0.0
0.0011691188,0.0
0.19265394,0.0
0.0035185,0.0
0.043597996,0.0
0.0031747373,0.0
0.021601694,0.0
0.06030709,0.0
0.0075348155,0.0
0.022178158,0.0
0.00096451316,0.0
0.010899037,0.0
0.002428375,0.0
0.29509073,0.0
4.7881134e-05,0.0
0.00054106524,0.0
0.011971527,0.0
0.0065298635,0.0
0.013065465,0.0
0.02828317,0.0
0.00078694493,0.0
0.0026802565,0.0
0.009585534,0.0
0.02659592,0.0
0.22196352,0.0
0.0002542303,0.0
0.00042336443,0.0
0.1558221,0.0
0.0013109714,0.0
0.015640786,0.0
0.899439,0.0
0.00019171846,0.0
0.0032826632,0.0
0.011668431,0.0
0.16817586,0.0
0.38061953,0.0
0.042334188,0.0
0.006351383,0.0
0.12129884,0.0
0.0034394043,0.0
0.006988954,0.0
0.00019671403,0.0
0.0038334504,0.0
0.033459,0.0
0.010998105,0.0
0.012991507,0.0
0.011027,0.0
0.12608075,0.0
0.029567689,0.0
0.007580214,0.0
0.0034941034,0.0
0.106129594,0.0
0.010760304,0.0
0.011795944,0.0
0.0003469639,0.0
0.012401638,0.0
0.008504155,0.0
0.0049229055,0.0
0.06755699,0.0
0.0036593422,0.0
0.0011321137,0.0
0.0036574665,0.0
0.013022211,0.0
0.0031704516,0.0
0.06766067,0.0
0.0023525155,0.0
0.00051730924,0.0
0.00040206529,0.0
0.027595453,0.0
0.16339105,0.0
0.0027150228,0.0
0.06863662,0.0
0.9977543,0.0
0.13580433,0.0
0.002018451,0.0
0.006784355,0.0
0.015932478,0.0
0.0061534964,0.0
0.005487411,0.0
0.012816899,0.0
0.0032005874,0.0
0.0062402836,0.0
0.0005040108,0.0
0.031920876,0.0
0.9293193,0.0
0.010969738,0.0
0.06821423,0.0
0.013591832,0.0
0.98848325,0.0
0.0017157407,0.0
0.015967736,0.0
0.20000207,0.0
0.06804104,0.0
0.037675995,0.0
0.0013836122,0.0
0.04264348,0.0
0.0010269408,0.0
0.0018225176,0.0
0.047783364,0.0
0.56884074,0.0
0.002746056,0.0
0.79155093,0.0
1.1099993e-05,0.0
0.21162917,0.0
0.72506225,0.0
0.0007376398,0.0
0.23172075,0.0
0.009971668,0.0
0.43206367,0.0
0.0016535155,0.0
0.010741631,0.0
0.615185,0.0
0.35564822,0.0
0.023864957,0.0
0.89387554,0.0
0.0030296291,0.0
0.0016314107,0.0
0.007561441,0.0
0.9738767,0.0
7.804812e-06,0.0
0.3856137,0.0
0.0011531925,0.0
0.019483747,0.0
0.0015572796,0.0
0.020765815,0.0
0.014842598,0.0
0.011624937,0.0
0.00022213873,0.0
0.7361638,0.0
0.0046536257,0.0
0.89760894,0.0
0.20204481,0.0
0.0006092265,0.0
0.0062889787,0.0
0.028896641,0.0
0.004501913,0.0
0.25675836,0.0
0.089168206,0.0
0.11156254,0.0
4.0074163e-05,0.0
0.0001602216,0.0
0.00014248307,0.0
0.0005053087,0.0
0.00035070916,0.0
0.015068799,0.0
0.7319177,0.0
0.90139395,0.0
0.9884735,0.0
0.043401957,0.0
3.4430574e-05,0.0
0.07603434,0.0
0.28853336,0.0
0.34092876,0.0
0.003497841,0.0
0.0012957612,0.0
0.00806143,0.0
0.00019404711,0.0
0.09566584,0.0
0.03480427,0.0
0.030115025,0.0
0.008042312,0.0
0.92367554,0.0
0.0006716912,0.0
0.0704531,0.0
0.029532308,0.0
0.0150782205,0.0
0.027694803,0.0
0.033458456,0.0
0.00091407925,0.0
0.06510331,0.0
0.011574716,0.0
0.668719,0.0
0.04478805,0.0
0.35447624,0.0
0.005414067,0.0
0.01668846,0.0
0.4309585,0.0
0.0050226673,0.0
0.020999953,0.0
0.123713374,0.0
0.0072497115,0.0
0.0007830775,0.0
0.00010421135,0.0
0.0010028267,0.0
0.023644257,0.0
0.18301377,0.0
0.004082238,0.0
0.0007629709,0.0
0.042843405,0.0
0.0014389305,0.0
0.017460596,0.0
0.054338064,0.0
0.0030228414,0.0
0.004973505,0.0
0.16529545,0.0
0.014032409,0.0
0.001664196,0.0
0.081347734,0.0
0.019409703,0.0
0.00047008402,0.0
0.031475406,0.0
0.0017114434,0.0
0.29451063,0.0
0.0010717517,0.0
0.0008470651,0.0
0.04337365,0.0
0.0022898635,0.0
0.14897287,0.0
0.03345698,0.0
0.00061557686,0.0
0.00013386668,0.0
0.00021684011,0.0
0.01687249,0.0
0.09108895,0.0
0.004847482,0.0
0.016646335,0.0
0.62329125,0.0
0.011595891,0.0
0.0023066534,0.0
0.93712556,0.0
0.00603733,0.0
0.0075992923,0.0
0.20054792,0.0
0.0020806615,0.0
0.014510826,0.0
0.0051844297,0.0
0.0021218986,0.0
0.009497831,0.0
0.09347275,0.0
0.0116570145,0.0
0.0076585254,0.0
0.056804772,0.0
0.17960504,0.0
0.08941967,0.0
0.00036642604,0.0
0.000810253,0.0
0.005902957,0.0
0.001130676,0.0
0.0075199953,0.0
0.007671582,0.0
0.005656126,0.0
0.4406423,0.0
0.09639609,0.0
0.0036945743,0.0
0.0021806539,0.0
0.005463281,0.0
0.0007661464,0.0
0.01441637,0.0
0.011769226,0.0
0.30731165,0.0
0.018449072,0.0
0.100926384,0.0
0.012710489,0.0
0.019145636,0.0
0.075619444,0.0
0.0040004435,0.0
0.027996577,0.0
0.09454957,0.0
0.019948667,0.0
0.24851806,0.0
0.0026078655,0.0
0.00015802326,0.0
0.0022473808,0.0
0.99754506,0.0
0.0005410276,0.0
0.02730992,0.0
0.6280481,0.0
0.0012123488,0.0
0.04787183,0.0
0.0039037645,0.0
0.025858907,0.0
0.13066366,0.0
0.00016773844,0.0
0.0008703417,0.0
0.08999141,0.0
0.021818511,0.0
0.0008367793,0.0
0.08633265,0.0
9.767814e-05,0.0
0.006363239,0.0
0.012500656,0.0
0.0062680664,0.0
0.06695613,0.0
0.15941888,0.0
0.045581672,0.0
0.0054428796,0.0
0.9170583,0.0
0.004098045,0.0
0.00019723504,0.0
0.02694959,0.0
0.014638592,0.0
6.152903e-05,0.0
0.03884855,0.0
0.0075263544,0.0
0.0012260117,0.0
0.0025470317,0.0
0.031669457,0.0
0.034841355,0.0
0.036883157,0.0
0.005166709,0.0
0.008288387,0.0
0.34379634,0.0
0.009833649,0.0
0.013689291,0.0
0.0017616702,0.0
0.5321776,0.0
0.00026610264,0.0
0.025871966,0.0
0.12587969,0.0
0.0018329812,0.0
0.013859625,0.0
0.0038265716,0.0
0.0030804428,0.0
0.000570744,0.0
0.019763531,0.0
0.20701647,0.0
0.07346057,0.0
0.009351745,0.0
0.00036878456,0.0
0.0066067595,0.0
0.021669136,0.0
0.036145747,0.0
0.006389208,0.0
0.013879153,0.0
0.14651275,0.0
0.14908902,0.0
0.020417364,0.0
0.017469333,0.0
0.00483834,0.0
0.013237856,0.0
0.04745908,0.0
0.028403986,0.0
0.0019712641,0.0
0.0017172333,0.0
0.073995925,0.0
0.0017105946,0.0
0.0049615363,0.0
0.007972412,0.0
0.0023682015,0.0
0.0011520464,0.0
0.0030917518,0.0
0.002179936,0.0
0.00033818054,0.0
0.00020476662,0.0
0.0074354494,0.0
0.0048535117,0.0
0.025875393,0.0
0.0025193216,0.0
0.004159061,0.0
0.21771646,0.0
0.012435719,0.0
0.07689093,0.0
0.005929936,0.0
0.005429726,0.0
0.34339905,0.0
0.78013706,0.0
0.00020976584,0.0
0.036248982,0.0
0.13436979,0.0
0.04875932,0.0
0.000106076266,0.0
0.08613556,0.0
0.01989664,0.0
0.018213525,0.0
0.121604174,0.0
0.023821898,0.0
0.117511444,0.0
0.023935447,0.0
0.0021454787,0.0
0.01480987,0.0
0.0012114409,0.0
0.0009431892,0.0
0.009373142,0.0
0.9927827,0.0
0.30318558,0.0
0.0056794295,0.0
0.00054668146,0.0
0.30014896,0.0
0.0024198478,0.0
0.00028896352,0.0
0.0029725544,0.0
0.018919434,0.0
0.75526273,0.0
0.9265735,0.0
0.036331996,0.0
0.014795477,0.0
0.024998462,0.0
0.045628823,0.0
0.0021899263,0.0
0.49820995,0.0
0.0066589755,0.0
0.02499928,0.0
0.038209736,0.0
0.002933784,0.0
0.0045039714,0.0
0.0012551759,0.0
0.0005655158,0.0
0.041721795,0.0
0.91875744,0.0
0.000827551,0.0
0.086748645,0.0
0.016934628,0.0
0.30394974,0.0
0.04823278,0.0
0.0008238931,0.0
0.022493873,0.0
0.017414527,0.0
0.29766825,0.0
0.47069323,0.0
0.031604186,0.0
1.6456157e-05,0.0
0.0024538613,0.0
0.016217235,0.0
0.4185136,0.0
0.026275894,0.0
0.0015243553,0.0
0.01903038,0.0
0.052298315,0.0
0.035833716,0.0
0.024771065,0.0
8.794695e-05,0.0
0.03770102,0.0
0.012807696,0.0
0.00074236776,0.0
0.011384565,0.0
0.21922547,0.0
0.030619355,0.0
0.2542188,0.0
0.08206104,0.0
0.07301642,0.0
0.041578367,0.0
0.013690836,0.0
0.07059771,0.0
0.12889206,0.0
0.02110453,0.0
0.03654116,0.0
0.00026266518,0.0
0.3738531,0.0
0.016387207,0.0
0.030175867,0.0
0.09708968,0.0
0.0017672282,0.0
0.009410633,0.0
0.001127291,0.0
0.029976163,0.0
0.0025581936,0.0
0.012760875,0.0
0.000840798,0.0
0.0803624,0.0
0.037386615,0.0
0.03193037,0.0
0.02798135,0.0
0.008527281,0.0
6.8199755e-05,0.0
0.038249288,0.0
0.08928487,0.0
0.04224509,0.0
0.045023292,0.0
0.00020369599,0.0
0.00288694,0.0
0.91435266,0.0
0.11656416,0.0
0.0014816483,0.0
0.0347728,0.0
0.010595479,0.0
3.0946176e-05,0.0
0.008411132,0.0
0.015258641,0.0
0.013057524,0.0
0.13884409,0.0
0.01200208,0.0
0.028855685,0.0
0.26502573,0.0
0.0014092246,0.0
0.011972921,0.0
0.00757156,0.0
0.053328056,0.0
0.0036771896,0.0
0.26890674,0.0
0.006103,0.0
0.007228341,0.0
0.005921448,0.0
0.0093297055,0.0
0.020641934,0.0
0.00043496332,0.0
3.9592196e-05,0.0
0.003405071,0.0
0.0028106892,0.0
0.048392892,0.0
0.00144874,0.0
0.051422648,0.0
0.88211906,0.0
0.27913052,0.0
0.013139801,0.0
0.008360336,0.0
0.7102033,0.0
0.02948583,0.0
0.0051331543,0.0
0.108320184,0.0
0.0027396544,0.0
0.012863711,0.0
0.09460645,0.0
0.020675609,0.0
0.30653134,0.0
0.068120524,0.0
0.005401177,0.0
0.006025783,0.0
0.060217775,0.0
0.0013426451,0.0
0.005928514,0.0
0.9955428,0.0
0.25246966,0.0
0.018074356,0.0
0.035121184,0.0
0.00046839105,0.0
0.3901512,0.0
0.0022897697,0.0
0.32626233,0.0
0.0059594843,0.0
0.009891272,0.0
0.00045926892,0.0
0.0010158946,0.0
0.0044164867,0.0
0.0017433629,0.0
0.0037023404,0.0
0.0069734077,0.0
6.93274e-05,0.0
0.853274,0.0
0.01996985,0.0
0.48716873,0.0
0.000656411,0.0
0.020502884,0.0
6.754624e-05,0.0
0.010168448,0.0
0.0001999147,0.0
0.3439643,0.0
0.021298531,0.0
0.006597452,0.0
0.0007943597,0.0
0.9793767,0.0
0.023805374,0.0
0.0035542483,0.0
0.00050450594,0.0
0.02691921,0.0
0.008443131,0.0
0.015986066,0.0
0.00053510355,0.0
0.00603907,0.0
0.015665054,0.0
0.16401717,0.0
0.047206543,0.0
0.0013032407,0.0
0.012799409,0.0
0.034559615,0.0
0.012824734,0.0
0.0007746071,0.0
0.098223165,0.0
0.0021384708,0.0
0.016613368,0.0
0.03707254,0.0
0.9437757,0.0
0.0004718283,0.0
0.85974926,0.0
0.021009289,0.0
0.21637908,0.0
0.020306012,0.0
0.0059381807,0.0
0.0036388815,0.0
0.0024665042,0.0
0.0076020407,0.0
0.010771933,0.0
0.01839521,0.0
0.008886613,0.0
0.0012564403,0.0
0.014413415,0.0
0.06148135,0.0
0.0034537562,0.0
0.17785327,0.0
0.0041930033,0.0
0.063449316,0.0
0.016830144,0.0
0.015370759,0.0
0.53884816,0.0
0.0024624611,0.0
0.08922621,0.0
0.0076737683,0.0
0.015837682,0.0
0.11725169,0.0
0.0024427744,0.0
0.016246155,0.0
0.00020187213,0.0
0.0073701045,0.0
0.0016809433,0.0
0.38659024,0.0
0.0084778685,0.0
0.00032272743,0.0
0.030889425,0.0
0.0044169584,0.0
0.02854324,0.0
0.0012565671,0.0
0.0004533233,0.0
0.013392192,0.0
0.00026157685,0.0
0.003950869,0.0
0.0076589896,0.0
0.0042483956,0.0
0.024554344,0.0
0.0074747456,0.0
0.0022088743,0.0
0.1012909,0.0
0.0009982835,0.0
0.623394,0.0
0.28499523,0.0
0.9843509,0.0
0.71143806,0.0
0.12374745,0.0
0.097951904,0.0
2.5324533e-05,0.0
0.1799906,0.0
0.013486484,0.0
0.0001636069,0.0
0.77430874,0.0
0.0020024632,0.0
0.021378139,0.0
0.013905491,0.0
0.021016661,0.0
0.00070577103,0.0
0.0029508208,0.0
0.0068035447,0.0
0.0018293834,0.0
3.1953674e-05,0.0
0.0001003791,0.0
0.043451454,0.0
0.5169539,0.0
0.07883245,0.0
0.012199923,0.0
0.0014206162,0.0
0.016179273,0.0
0.0007329726,0.0
0.0055643073,0.0
0.00023649247,0.0
0.12640758,0.0
0.00083971827,0.0
0.0014580297,0.0
0.24619786,0.0
0.443156,0.0
0.0014339526,0.0
0.1272648,0.0
0.02384845,0.0
0.07469647,0.0
0.056426506,0.0
0.019873543,0.0
0.051381495,0.0
0.5332484,0.0
0.040169854,0.0
0.031786434,0.0
0.00032638627,0.0
0.0004522195,0.0
0.0010896915,0.0
0.012481105,0.0
0.008085087,0.0
0.011804674,0.0
0.01571091,0.0
0.00046374532,0.0
6.2865576e-05,0.0
0.008965091,0.0
2.7887407e-05,0.0
0.00599242,0.0
0.2693314,0.0
0.00035737906,0.0
0.0032431246,0.0
0.009712939,0.0
0.0910293,0.0
0.0022559403,0.0
0.00017612621,0.0
0.014497875,0.0
0.023938973,0.0
0.11997443,0.0
0.04479202,0.0
0.00047824415,0.0
0.1765615,0.0
0.026222143,0.0
0.007710788,0.0
0.0015454267,0.0
0.22361681,0.0
0.029836783,0.0
0.10511698,0.0
0.0070071123,0.0
0.1358236,0.0
0.006765603,0.0
0.00078683323,0.0
0.029507868,0.0
0.002164569,0.0
0.042615537,0.0
0.023716584,0.0
0.022029692,0.0
0.00093152456,0.0
0.11216312,0.0
0.25178373,0.0
0.00077489094,0.0
0.0021350097,0.0
0.520546,0.0
0.064841956,0.0
9.587276e-05,0.0
0.011214155,0.0
0.01781118,0.0
0.013710631,0.0
0.012905152,0.0
0.012898113,0.0
0.00032429237,0.0
0.046120305,0.0
0.008597401,0.0
0.0006068381,0.0
0.0010480403,0.0
0.055611685,0.0
0.005497071,0.0
0.016372258,0.0
0.00090468675,0.0
0.18081844,0.0
0.0065991804,0.0
0.021358818,0.0
0.00010647312,0.0
0.014501364,0.0
0.9306793,0.0
0.9599082,0.0
0.0045149312,0.0
0.50502825,0.0
0.077516735,0.0
0.18923949,0.0
0.024732355,0.0
0.0058941995,0.0
0.8183399,0.0
0.15041906,0.0
0.030681849,0.0
0.0063141705,0.0
0.0027286666,0.0
0.0023295959,0.0
0.0043275757,0.0
0.041598305,0.0
0.012116105,0.0
0.8875382,0.0
0.008875087,0.0
0.02042948,0.0
0.01844228,0.0
0.0019973305,0.0
0.0127219,0.0
0.0059722965,0.0
0.026171293,0.0
0.07457611,0.0
0.043464813,0.0
0.003166351,0.0
0.20730917,0.0
0.0008784068,0.0
0.000577693,0.0
0.25097305,0.0
0.012210473,0.0
0.002560923,0.0
0.010423378,0.0
0.8806935,0.0
0.9524383,0.0
0.016911196,0.0
0.0051079323,0.0
0.008074887,0.0
0.015428694,0.0
0.0016566371,0.0
0.008124582,0.0
0.009112931,0.0
0.004478862,0.0
0.23602356,0.0
0.9281337,0.0
0.0027922727,0.0
0.06773487,0.0
0.015446786,0.0
0.036044896,0.0
0.004052519,0.0
0.00019499005,0.0
0.00046229502,0.0
0.0033949083,0.0
0.0051409253,0.0
0.01486485,0.0
0.0047837207,0.0
0.039164618,0.0
0.06521843,0.0
0.013698179,0.0
0.005449254,0.0
0.00055750983,0.0
0.0035967098,0.0
0.0017314316,0.0
0.16279192,0.0
0.031810243,0.0
0.010566311,0.0
0.21051592,0.0
0.017945534,0.0
0.0015744757,0.0
0.020653948,0.0
0.55520326,0.0
0.0030947207,0.0
0.003644004,0.0
0.011539343,0.0
0.03898804,0.0
0.009778583,0.0
0.0022671174,0.0
0.0035877763,0.0
0.0077709747,0.0
0.039751437,0.0
0.0064537595,0.0
0.00020493401,0.0
0.07574573,0.0
0.01681937,0.0
0.0012737741,0.0
0.0064095887,0.0
0.004994918,0.0
3.9067007e-05,0.0
0.0024712756,0.0
0.018954145,0.0
0.002699037,0.0
0.022414811,0.0
0.010882919,0.0
0.0028883775,0.0
0.015678294,0.0
0.17613932,0.0
0.013095431,0.0
0.12091137,0.0
0.0031315505,0.0
0.003625461,0.0
0.031188957,0.0
0.008733797,0.0
0.0031560592,0.0
0.010306273,0.0
0.0064073424,0.0
0.022663658,0.0
0.0781073,0.0
0.0023119508,0.0
0.0016689902,0.0
0.0036280781,0.0
0.004659363,0.0
0.0004393629,0.0
0.012304066,0.0
0.041060258,0.0
0.0138184205,0.0
0.9673963,0.0
0.00024143091,0.0
0.006212713,0.0
0.0045201676,0.0
0.00017978596,0.0
0.059983253,0.0
0.010576765,0.0
0.0017930885,0.0
0.030908203,0.0
0.0021367334,0.0
0.14492038,0.0
0.96999097,0.0
0.0044019353,0.0
0.001612867,0.0
0.006397289,0.0
0.0033763621,0.0
0.027267028,0.0
0.9578201,0.0
0.9333961,0.0
0.0039423667,0.0
0.005830545,0.0
0.7180069,0.0
0.01802309,0.0
0.0046670404,0.0
0.009595679,0.0
0.00020687684,0.0
8.314191e-06,0.0
0.7227642,0.0
0.0005750588,0.0
0.13801932,0.0
4.9966155e-05,0.0
0.35439232,0.0
3.9282862e-05,0.0
0.10076649,0.0
0.00029664696,0.0
0.013333256,0.0
6.542532e-05,0.0
0.11603495,0.0
0.0054531833,0.0
0.023366153,0.0
0.001948877,0.0
0.020140506,0.0
0.0029562379,0.0
0.0059248144,0.0
0.0019003259,0.0
0.050521523,0.0
0.069313124,0.0
0.3103496,0.0
0.17702176,0.0
0.40196487,0.0
0.8679004,0.0
0.0023027326,0.0
0.036273226,0.0
0.035163622,0.0
0.00013116944,0.0
0.8504459,0.0
0.016284479,0.0
0.00014067785,0.0
0.0006040216,0.0
0.023059478,0.0
0.012241293,0.0
0.0048696008,0.0
0.02374713,0.0
0.016988479,0.0
0.605285,0.0
0.0031275249,0.0
0.3996983,0.0
7.193486e-05,0.0
0.045126848,0.0
0.34879455,0.0
0.054166503,0.0
0.35386366,0.0
2.2956452e-05,0.0
0.06557915,0.0
0.18760593,0.0
0.0058960496,0.0
0.000376723,0.0
0.45955008,0.0
0.000360455,0.0
0.0028628674,0.0
0.030584289,0.0
0.05575364,0.0
0.05005983,0.0
0.022126274,0.0
0.0025840793,0.0
0.17734726,0.0
0.00095617416,0.0
0.018065048,0.0
0.00027343084,0.0
0.007268391,0.0
0.014764133,0.0
0.1610956,0.0
0.033844315,0.0
0.19208689,0.0
0.02120991,0.0
6.3206164e-05,0.0
0.24620888,0.0
0.0031889067,0.0
0.00061798946,0.0
0.41514108,0.0
0.008983242,0.0
0.02070762,0.0
0.021378951,0.0
0.41978386,0.0
0.011986624,0.0
0.06788674,0.0
0.00045816653,0.0
0.02078084,0.0
0.0015075046,0.0
0.00035609913,0.0
0.60278714,0.0
0.0004073434,0.0
0.42525744,0.0
0.018615935,0.0
8.751393e-05,0.0
0.23518988,0.0
0.007943655,0.0
0.04318455,0.0
0.006426142,0.0
0.024453478,0.0
0.028672889,0.0
0.062053893,0.0
0.25892344,0.0
0.3263823,0.0
0.013549562,0.0
0.013117481,0.0
0.012550155,0.0
0.020016873,0.0
0.023650879,0.0
0.004244331,0.0
0.001779672,0.0
0.046694394,0.0
0.47544765,0.0
0.043196507,0.0
0.0028384079,0.0
0.0081418725,0.0
0.023273673,0.0
0.23787093,0.0
0.00037543717,0.0
0.00027992393,0.0
0.0039903163,0.0
0.0037676182,0.0
0.95568794,0.0
0.00016569241,0.0
0.17745803,0.0
0.90024847,0.0
0.00068944367,0.0
0.005043193,0.0
0.8266673,0.0
0.004494258,0.0
0.50379866,0.0
0.0028233405,0.0
0.02105905,0.0
0.022662254,0.0
0.0010820333,0.0
0.21636447,0.0
0.0020088207,0.0
0.0074961106,0.0
0.040588673,0.0
0.9512777,0.0
0.4149047,0.0
0.97514296,0.0
0.0075017824,0.0
0.021572351,0.0
0.0066580386,0.0
0.0024640956,0.0
0.016250996,0.0
0.0063058315,0.0
0.012165946,0.0
0.0011923653,0.0
0.124557756,0.0
0.020310415,0.0
0.3392235,0.0
0.0008989169,0.0
0.2963158,0.0
0.0022565867,0.0
0.010457553,0.0
0.64299923,0.0
0.97805494,0.0
0.6569022,0.0
0.016496327,0.0
0.0079829255,0.0
0.015012809,0.0
0.011530812,0.0
0.0036234616,0.0
0.0024406814,0.0
0.0057054013,0.0
0.011467872,0.0
0.004811531,0.0
0.003696801,0.0
0.7043634,0.0
0.007321461,0.0
0.010148387,0.0
0.9977762,0.0
0.0008741274,0.0
0.0010064705,0.0
0.052591387,0.0
0.008693495,0.0
0.50782967,0.0
0.018590722,0.0
0.0042636185,0.0
0.0012064902,0.0
0.0004438753,0.0
0.04047666,0.0
0.015744675,0.0
0.01418477,0.0
0.0026733035,0.0
0.013556307,0.0
0.009302996,0.0
0.6183154,0.0
0.0023332583,0.0
0.0025101078,0.0
0.09196674,0.0
0.026187545,0.0
0.021379994,0.0
0.9107273,0.0
0.02259683,0.0
0.001732533,0.0
0.0038509215,0.0
0.00049063825,0.0
0.0076491744,0.0
0.69350487,0.0
0.019832196,0.0
0.029456286,0.0
0.0048153754,0.0
0.010113766,0.0
0.0150091415,0.0
0.0011171338,0.0
0.21668689,0.0
0.03728233,0.0
0.0020223882,0.0
0.10412017,0.0
0.0015489095,0.0
0.011468834,0.0
0.018369302,0.0
0.0042068395,0.0
0.0017778432,0.0
0.08122233,0.0
0.13460858,0.0
0.16649312,0.0
0.020224677,0.0
0.5643455,0.0
0.40275714,0.0
0.26195213,0.0
0.0146534415,0.0
0.005908836,0.0
0.47935188,0.0
0.00460482,0.0
0.006031387,0.0
0.006123922,0.0
0.0018133284,0.0
0.011850295,0.0
0.043107223,0.0
0.0064506386,0.0
0.009089004,0.0
0.10509396,0.0
0.01840115,0.0
0.06199267,0.0
0.10052526,0.0
0.001474595,0.0
0.03857358,0.0
0.0010932597,0.0
0.0051986296,0.0
0.003307051,0.0
0.0361884,0.0
0.0020133273,0.0
0.0022307434,0.0
0.007706889,0.0
0.008562827,0.0
0.00080107455,0.0
0.005114954,0.0
0.0040367045,0.0
8.101939e-05,0.0
0.005745249,0.0
0.028527424,0.0
0.011068736,0.0
0.9547561,0.0
0.0132460045,0.0
0.007613944,0.0
0.0020469655,0.0
0.004838808,0.0
0.00011818363,0.0
3.4640794e-05,0.0
0.05296321,0.0
6.006466e-05,0.0
0.09829808,0.0
0.0014753555,0.0
0.056069218,0.0
0.12831798,0.0
0.16495566,0.0
0.000607646,0.0
0.000120874305,0.0
0.013331562,0.0
0.0006523019,0.0
0.03561404,0.0
0.016142473,0.0
0.11026629,0.0
0.0050591193,0.0
0.03597534,0.0
0.0027099354,0.0
0.2649007,0.0
0.003584551,0.0
1.3046596e-05,0.0
0.012164393,0.0
0.0949477,0.0
0.0002971372,0.0
0.01287625,0.0
0.14450946,0.0
0.8717878,0.0
0.011555921,0.0
0.20288558,0.0
0.013220582,0.0
0.068119384,0.0
0.052617095,0.0
0.107665084,0.0
0.020193992,0.0
0.0041127214,0.0
0.009468332,0.0
0.009558109,0.0
0.03152498,0.0
0.00064092694,0.0
0.011966684,0.0
0.0017538961,0.0
0.20934428,0.0
0.046009578,0.0
0.0015528115,0.0
0.0018275732,0.0
0.000113586386,0.0
0.960033,0.0
0.014127886,0.0
0.017297624,0.0
0.00018476359,0.0
0.06513405,0.0
0.014343413,0.0
0.03214181,0.0
0.017889492,0.0
0.040836487,0.0
0.0139438,0.0
0.39948776,0.0
0.022597635,0.0
0.8637544,0.0
0.0075200167,0.0
0.0040195007,0.0
0.04018779,0.0
0.32676965,0.0
0.7042693,0.0
0.00020051356,0.0
0.00024100982,0.0
0.0874899,0.0
0.047956415,0.0
0.011746056,0.0
0.021089064,0.0
0.038205985,0.0
0.5505973,0.0
0.020114793,0.0
0.058453646,0.0
0.00018713961,0.0
0.028911257,0.0
0.000234199,0.0
0.019229667,0.0
0.120508164,0.0
0.043252926,0.0
0.19552423,0.0
0.002420405,0.0
0.00056588894,0.0
0.24665792,0.0
7.355065e-05,0.0
0.0027804635,0.0
0.04749247,0.0
0.0028722917,0.0
0.0062244926,0.0
0.00081758644,0.0
0.000499194,0.0
0.120766096,0.0
0.00015096217,0.0
0.8974175,0.0
0.054682136,0.0
0.02522499,0.0
0.60787886,0.0
0.036004104,0.0
0.019053716,0.0
0.41526273,0.0
6.1798404e-05,0.0
0.00071430637,0.0
0.0015600156,0.0
0.0040961774,0.0
0.013846324,0.0
0.0072661103,0.0
0.008340127,0.0
3.4153552e-05,0.0
0.0010153111,0.0
0.012389927,0.0
0.006759009,0.0
0.2573334,0.0
0.0010390027,0.0
0.017011994,0.0
0.43798622,0.0
0.00064152735,0.0
0.12913759,0.0
0.028316831,0.0
0.057858527,0.0
0.0032197407,0.0
0.012063147,0.0
0.0015996897,0.0
0.0039948104,0.0
0.0011560104,0.0
0.0035162217,0.0
0.0066978484,0.0
0.031606857,0.0
0.006228192,0.0
0.0057446877,0.0
0.045519233,0.0
0.0065186163,0.0
0.0048101363,0.0
0.0027923114,0.0
0.05956972,0.0
0.7410622,0.0
0.0006035946,0.0
0.027456235,0.0
0.025776248,0.0
0.00018607276,0.0
0.0071017863,0.0
0.0014908222,0.0
0.4760214,0.0
0.027998986,0.0
0.04263949,0.0
0.92728245,0.0
0.014720321,0.0
0.007831956,0.0
0.98572797,0.0
0.65703297,0.0
0.022139268,0.0
0.015227564,0.0
0.00085587986,0.0
0.013574359,0.0
0.0051084817,0.0
0.6293585,0.0
0.7258807,0.0
0.0048478865,0.0
0.04989196,0.0
0.009497821,0.0
0.9289332,0.0
0.003056445,0.0
0.0002841712,0.0
0.84466136,0.0
0.086384274,0.0
0.180827,0.0
0.0008250956,0.0
0.007978671,0.0
0.00054065895,0.0
0.15553874,0.0
0.7436403,0.0
0.0031126281,0.0
0.012926769,0.0
0.039181534,0.0
0.30112076,0.0
0.012952744,0.0
0.7398775,0.0
0.0032775467,0.0
0.40796772,0.0
0.009495345,0.0
0.01287044,0.0
0.14869319,0.0
0.032178927,0.0
0.049843114,0.0
0.0063722963,0.0
0.0036712983,0.0
0.000362214,0.0
0.0023595293,0.0
0.99238306,0.0
0.007526974,0.0
0.0009503532,0.0
0.005323517,0.0
0.0037087433,0.0
0.0033583017,0.0
0.010755102,0.0
0.004587194,0.0
0.047827277,0.0
0.0047349394,0.0
0.005979171,0.0
0.0038193911,0.0
0.0011697849,0.0
0.016918989,0.0
0.010955003,0.0
0.17244719,0.0
0.020282349,0.0
0.0145558715,0.0
0.001357581,0.0
0.14377128,0.0
0.00251829,0.0
0.014772578,0.0
0.51720613,0.0
0.025918204,0.0
0.07782585,0.0
0.012158248,0.0
0.0050429828,0.0
0.013779059,0.0
0.0017631943,0.0
0.039278034,0.0
0.00020852331,0.0
0.122436695,0.0
0.0010128032,0.0
0.0007669382,0.0
0.10184264,0.0
0.0037765293,0.0
0.017929096,0.0
0.008320491,0.0
0.0106714275,0.0
0.0011055624,0.0
0.00080334186,0.0
0.00037353236,0.0
0.041676052,0.0
0.007956224,0.0
0.03656366,0.0
0.012033326,0.0
0.0064152456,0.0
0.0027478428,0.0
0.0016871827,0.0
0.004613234,0.0
0.020073397,0.0
0.11677092,0.0
0.11674107,0.0
0.0839457,0.0
0.047061067,0.0
0.0067352117,0.0
0.043748975,0.0
0.17141728,0.0
0.00220326,0.0
0.0139946425,0.0
0.008852636,0.0
0.0029299632,0.0
0.015868213,0.0
0.02374619,0.0
0.0038422646,0.0
0.0014172453,0.0
0.14593633,0.0
0.009499275,0.0
0.0013013274,0.0
0.0036857391,0.0
0.039246853,0.0
7.2125884e-05,0.0
0.001349318,0.0
0.003271144,0.0
5.180849e-05,0.0
0.28634194,0.0
0.001025,0.0
0.003455531,0.0
0.13862102,0.0
0.010128557,0.0
0.13572736,0.0
0.2379549,0.0
0.018927375,0.0
0.012715164,0.0
0.013009526,0.0
0.011475735,0.0
0.0033135517,0.0
0.112523705,0.0
0.006552987,0.0
0.034947652,0.0
5.208362e-05,0.0
0.0897589,0.0
0.22615787,0.0
0.0003696694,0.0
0.92539823,0.0
0.0018109435,0.0
0.00030575236,0.0
0.0006015678,0.0
0.015732177,0.0
6.976065e-05,0.0
0.002675444,0.0
0.019415576,0.0
0.095072806,0.0
0.40038735,0.0
0.045303233,0.0
0.0051889867,0.0
0.03031029,0.0
0.0573363,0.0
0.027837597,0.0
0.00023402221,0.0
0.04425434,0.0
2.7847169e-05,0.0
0.9914349,0.0
0.0018973398,0.0
0.07207397,0.0
0.000855484,0.0
0.00022158788,0.0
0.00016895375,0.0
0.021812027,0.0
0.013013402,0.0
0.0036140725,0.0
0.0010233173,0.0
0.0337262,0.0
0.04741171,0.0
0.0083944565,0.0
0.27145267,0.0
0.00049304,0.0
0.0019126604,0.0
0.00022841671,0.0
0.011047434,0.0
0.07249808,0.0
0.0023825194,0.0
0.0056424676,0.0
0.027755428,0.0
0.00018501164,0.0
0.0072803944,0.0
0.9523504,0.0
0.00039706167,0.0
0.010020816,0.0
0.0004834498,0.0
9.998646e-05,0.0
0.03582861,0.0
0.023251984,0.0
0.046690796,0.0
0.49861434,0.0
0.0013118021,0.0
0.0015799814,0.0
0.9313825,0.0
0.680849,0.0
0.16369417,0.0
0.20578218,0.0
0.0002947013,0.0
0.00042087058,0.0
0.009826826,0.0
0.549022,0.0
0.0004998871,0.0
0.019548705,0.0
0.009209422,0.0
0.051940344,0.0
0.014572919,0.0
0.0005049264,0.0
0.02904528,0.0
0.0065206173,0.0
5.7206245e-05,0.0
0.24521038,0.0
0.007137945,0.0
0.0115318615,0.0
0.001630205,0.0
0.0014811109,0.0
0.033022046,0.0
0.0036888584,0.0
0.11144377,0.0
0.017505629,0.0
0.018679062,0.0
0.040581513,0.0
0.010757045,0.0
5.126899e-05,0.0
0.050704837,0.0
0.00042098152,0.0
0.000655867,0.0
0.71321356,0.0
0.00017352842,0.0
0.009317172,0.0
0.0023467802,0.0
0.0011675757,0.0
0.008464122,0.0
0.0023910587,0.0
0.0960936,0.0
0.013837752,0.0
0.13726334,0.0
0.013602967,0.0
0.00081358175,0.0
0.014597517,0.0
0.018056797,0.0
0.0009598004,0.0
0.0071632164,0.0
0.0038038346,0.0
0.037260942,0.0
0.019558305,0.0
0.0060921493,0.0
0.0001710769,0.0
0.061052844,0.0
0.0028268262,0.0
0.002891571,0.0
0.9866398,0.0
0.018340606,0.0
0.0023800987,0.0
0.23129626,0.0
0.9012703,0.0
0.00062113,0.0
0.18758164,0.0
0.08750714,0.0
0.0023727077,0.0
0.15656115,0.0
0.012138064,0.0
3.5258538e-05,0.0
0.0030541224,0.0
0.0026928151,0.0
0.0046629934,0.0
0.0051161847,0.0
0.0023330362,0.0
0.06894097,0.0
0.13239303,0.0
0.012038452,0.0
0.0015680925,0.0
0.017317135,0.0
0.07056019,0.0
0.0011283519,0.0
0.005304118,0.0
0.003525944,0.0
0.026313953,0.0
0.0020770086,0.0
0.0072292103,0.0
0.001089496,0.0
0.0015686526,0.0
0.0020370404,0.0
0.0015708825,0.0
0.0018402297,0.0
0.01059217,0.0
0.0022463761,0.0
0.002210181,0.0
0.007207621,0.0
0.12707688,0.0
0.011867053,0.0
0.102551065,0.0
0.013160817,0.0
0.04212852,0.0
0.31732252,0.0
0.006372025,0.0
0.022079967,0.0
0.006619054,0.0
0.00048449705,0.0
0.016577957,0.0
0.61441004,0.0
0.0013835384,0.0
0.03161246,0.0
0.0062907306,0.0
0.0007750708,0.0
0.073527716,0.0
0.0012140422,0.0
0.0046118065,0.0
0.342593,0.0
0.002820296,0.0
0.0012165717,0.0
0.015258147,0.0
0.0026387034,0.0
0.01679485,0.0
0.086891755,0.0
0.00018915386,0.0
0.0059179855,0.0
0.0006849999,0.0
0.004179804,0.0
0.014098467,0.0
0.0002719484,0.0
0.23338662,0.0
0.017518459,0.0
0.008399575,0.0
0.002645067,0.0
0.030673781,0.0
0.151261,0.0
0.060508948,0.0
0.008210264,0.0
0.005387219,0.0
0.00023662443,0.0
0.014622491,0.0
0.02329738,0.0
0.22653605,0.0
0.003735988,0.0
0.22940594,0.0
0.0003820908,0.0
0.17477472,0.0
0.026325084,0.0
0.0009822765,0.0
0.1434628,0.0
0.13259268,0.0
0.0014162429,0.0
0.0030216088,0.0
0.011994239,0.0
0.0018817873,0.0
0.93253374,0.0
0.0031370285,0.0
0.03328299,0.0
0.33439448,0.0
0.025067521,0.0
0.0026017309,0.0
0.01989506,0.0
0.0016701252,0.0
0.056492534,0.0
0.32452276,0.0
0.050696112,0.0
0.010083273,0.0
0.9954531,0.0
0.0126087675,0.0
0.94086283,0.0
0.0949971,0.0
0.00177866,0.0
0.0033263795,0.0
0.0011177575,0.0
0.0018898167,0.0
0.0042312196,0.0
0.0012939083,0.0
0.0026399046,0.0
0.0023630923,0.0
0.013575316,0.0
0.004483272,0.0
0.722475,0.0
0.5136381,0.0
0.26179153,0.0
0.14881317,0.0
0.97731346,0.0
0.6444851,0.0
0.11411549,0.0
1.2812205e-05,0.0
0.15263718,0.0
0.00091893144,0.0
0.0001494852,0.0
0.011573254,0.0
0.003518406,0.0
0.120681785,0.0
0.0144940745,0.0
0.002881485,0.0
0.07318402,0.0
0.0052976515,0.0
0.00073049153,0.0
0.02410943,0.0
0.006585474,0.0
3.9106085e-06,0.0
0.00030758057,0.0
0.83920515,0.0
0.0019392945,0.0
0.018718863,0.0
0.004459738,0.0
0.009302047,0.0
0.0034937116,0.0
0.0028525654,0.0
0.06665561,0.0
0.008583347,0.0
0.020490183,0.0
0.058421444,0.0
0.06957062,0.0
0.00018660542,0.0
0.5107804,0.0
0.04432662,0.0
0.00044685238,0.0
0.0264325,0.0
0.020495523,0.0
3.9233895e-05,0.0
0.9944512,0.0
0.010183159,0.0
0.8739055,0.0
0.9201015,0.0
0.014546956,0.0
0.015644317,0.0
0.0004664833,0.0
0.008638573,0.0
0.7488707,0.0
0.026761426,0.0
0.68178463,0.0
0.14761846,0.0
0.00032859304,0.0
0.578945,0.0
0.0036876125,0.0
0.00020526371,0.0
0.030601952,0.0
0.04721598,0.0
0.19512881,0.0
0.032569245,0.0
0.012910054,0.0
0.009563956,0.0
0.005302808,0.0
0.0047717723,0.0
0.011837994,0.0
0.04038757,0.0
0.01184378,0.0
6.477411e-05,0.0
0.26771927,0.0
0.9910653,0.0
0.00012382987,0.0
0.0019019743,0.0
1.47964e-05,0.0
0.00017313771,0.0
0.037204076,0.0
0.015386031,0.0
0.0007657585,0.0
0.32116926,0.0
0.11573429,0.0
0.04296059,0.0
0.008197073,0.0
0.96461993,0.0
0.04391682,0.0
0.0007293761,0.0
0.008950986,0.0
0.08820051,0.0
0.012556533,0.0
0.8670388,0.0
0.008610845,0.0
0.00027736693,0.0
0.013620355,0.0
0.20936976,0.0
0.48001468,0.0
0.41114646,0.0
0.015212727,0.0
0.058226034,0.0
0.006776593,0.0
0.048081413,0.0
0.29959366,0.0
0.01299701,0.0
0.07651385,0.0
0.0006435596,0.0
0.39975232,0.0
0.0002136943,0.0
0.005044146,0.0
0.058305193,0.0
0.028013524,0.0
0.05257492,0.0
0.8608584,0.0
0.010025637,0.0
0.0014952067,0.0
0.8273008,0.0
0.12818572,0.0
0.021986734,0.0
0.0014971457,0.0
0.3009818,0.0
0.0032755097,0.0
0.001245775,0.0
0.0023716672,0.0
0.00051311945,0.0
0.05379393,0.0
0.27518454,0.0
6.6842615e-05,0.0
0.023391344,0.0
0.07531187,0.0
0.0014109509,0.0
0.42039445,0.0
0.15233275,0.0
0.26196876,0.0
0.093536116,0.0
0.007486439,0.0
0.011074431,0.0
0.02522707,0.0
0.0078550745,0.0
0.01113488,0.0
7.557267e-05,0.0
0.061295643,0.0
0.8056947,0.0
0.14672874,0.0
0.06695231,0.0
0.0054997336,0.0
0.0020914366,0.0
0.012066448,0.0
0.001289289,0.0
0.015225154,0.0
0.56483763,0.0
0.00012154734,0.0
0.03397633,0.0
0.029471062,0.0
0.92575914,0.0
0.0014689883,0.0
0.059278008,0.0
0.003026999,0.0
0.05594084,0.0
0.016703177,0.0
0.0025235575,0.0
0.005250275,0.0
0.01917568,0.0
0.014742279,0.0
0.4982832,0.0
0.04412301,0.0
0.54901403,0.0
0.09308005,0.0
0.009467805,0.0
0.505903,0.0
0.00028354363,0.0
0.021517973,0.0
0.007818622,0.0
0.00028539874,0.0
0.01247548,0.0
0.0070703705,0.0
0.0038503143,0.0
0.012729424,0.0
0.0074215513,0.0
0.0041639595,0.0
0.0023665414,0.0
0.29636315,0.0
0.0025693318,0.0
0.0135469185,0.0
0.00650545,0.0
0.00013165135,0.0
0.0043431013,0.0
0.0059753684,0.0
0.000607916,0.0
0.0035031373,0.0
4.3002892e-05,0.0
0.9835044,0.0
0.005917284,0.0
0.021859435,0.0
0.0011937433,0.0
0.008513191,0.0
0.022073058,0.0
0.66869044,0.0
0.0008153244,0.0
0.0014233082,0.0
1.459231e-05,0.0
0.055709027,0.0
0.050979502,0.0
0.9989042,0.0
0.03375273,0.0
0.008337213,0.0
0.0092634875,0.0
0.01770855,0.0
0.006257754,0.0
0.00010438579,0.0
0.015986748,0.0
0.015525097,0.0
0.0034109468,0.0
0.0021786273,0.0
0.00046860115,0.0
0.00446301,0.0
0.004925714,0.0
0.005633502,0.0
0.0038021833,0.0
0.0053743394,0.0
0.008132886,0.0
0.0064819255,0.0
0.004014642,0.0
0.004122684,0.0
0.0018509412,0.0
0.0006170819,0.0
0.033011228,0.0
0.00013037636,0.0
0.0002543695,0.0
0.00024903656,0.0
0.005404267,0.0
0.2165826,0.0
0.022345688,0.0
0.001649567,0.0
0.06255817,0.0
0.00024191133,0.0
1.8234967e-05,0.0
0.47368753,0.0
0.036991283,0.0
0.018654138,0.0
0.012390476,0.0
0.052021533,0.0
0.026697274,0.0
0.0012153868,0.0
0.09655018,0.0
0.108305685,0.0
0.50368005,0.0
0.99116945,0.0
0.0003357167,0.0
2.989537e-05,0.0
0.47667745,0.0
0.009651826,0.0
0.02116619,0.0
0.02042654,0.0
0.007571818,0.0
0.056911997,0.0
0.7871607,0.0
0.015103445,0.0
0.025656,0.0
4.8896614e-05,0.0
0.9930039,0.0
0.07345425,0.0
0.23546515,0.0
0.9051746,0.0
0.00036464952,0.0
4.2040276e-05,0.0
0.011471111,0.0
0.018518377,0.0
0.057437077,0.0
1.6236669e-05,0.0
0.0009876183,0.0
0.024104863,0.0
0.0010421482,0.0
0.00018926103,0.0
0.027794734,0.0
0.00018370975,0.0
0.0018348492,0.0
0.03691441,0.0
0.018037852,0.0
0.0004660311,0.0
0.6807502,0.0
0.0010897149,0.0
0.004021101,0.0
0.002703529,0.0
0.011930712,0.0
0.012425861,0.0
0.05378091,0.0
0.4700459,0.0
0.2158331,0.0
0.010798219,0.0
0.008551124,0.0
0.017721733,0.0
0.94778275,0.0
0.011531296,0.0
0.00013396895,0.0
0.015959691,0.0
0.079009324,0.0
0.21392573,0.0
0.302742,0.0
0.9929979,0.0
0.009777285,0.0
0.009837168,0.0
0.008306503,0.0
0.009652127,0.0
0.0076832734,0.0
0.49798867,0.0
0.05915715,0.0
0.0043700556,0.0
0.0013807353,0.0
0.023894101,0.0
0.0018114089,0.0
0.030071206,0.0
0.00068084436,0.0
0.00032961273,0.0
0.005049475,0.0
0.036732774,0.0
0.0014695346,0.0
0.024803545,0.0
0.017327007,0.0
0.7433841,0.0
0.0017046689,0.0
0.022225754,0.0
0.00075160246,0.0
0.010964188,0.0
0.2263282,0.0
0.00019321816,0.0
0.76785165,0.0
0.008470384,0.0
0.031138055,0.0
0.040964283,0.0
0.002946266,0.0
0.0008271781,0.0
0.012148035,0.0
0.031003697,0.0
0.007889696,0.0
0.54224366,0.0
0.0030594976,0.0
0.00075996306,0.0
0.33718255,0.0
0.026486212,0.0
0.010046026,0.0
0.011302058,0.0
0.015552538,0.0
0.010182612,0.0
0.040061284,0.0
0.023287168,0.0
0.026365303,0.0
8.055069e-05,0.0
0.09384677,0.0
0.0006181694,0.0
0.0096222265,0.0
0.023208795,0.0
0.0038279425,0.0
0.12017457,0.0
0.6000465,0.0
0.06410819,0.0
0.016715124,0.0
0.10288533,0.0
0.99188644,0.0
0.0074745864,0.0
3.9943447e-05,0.0
0.07418002,0.0
0.11700982,0.0
0.0027184386,0.0
7.0622766e-05,0.0
0.04018086,0.0
0.002942554,0.0
0.033369556,0.0
0.23763075,0.0
0.011999801,0.0
0.013344352,0.0
0.026245086,0.0
0.021539368,0.0
0.0150003545,0.0
0.0009425397,0.0
0.0012293145,0.0
0.16492744,0.0
0.005883999,0.0
0.007999183,0.0
0.009933947,0.0
0.0049953116,0.0
0.025530193,0.0
0.2623959,0.0
0.020023264,0.0
0.05888734,0.0
0.13412327,0.0
0.0008438423,0.0
0.024124375,0.0
0.0053057615,0.0
0.006481459,0.0
0.0002512438,0.0
0.046651512,0.0
0.00884531,0.0
0.041444063,0.0
0.014085973,0.0
0.006214257,0.0
0.0076239225,0.0
0.0001542161,0.0
0.011849781,0.0
0.099465325,0.0
0.02338152,0.0
0.047393136,0.0
0.0072165965,0.0
0.02020843,0.0
0.041747987,0.0
0.19950016,0.0
0.13612507,0.0
0.077570595,0.0
0.0028866658,0.0
0.017468598,0.0
0.08354006,0.0
0.5410077,0.0
0.060330503,0.0
0.015051752,0.0
0.011155238,0.0
0.0014274849,0.0
0.00027149037,0.0
5.770583e-05,0.0
0.013812263,0.0
0.005961405,0.0
0.47451812,0.0
0.00046924723,0.0
2.5046145e-05,0.0
0.0074525233,0.0
0.053275265,0.0
0.027662298,0.0
0.00018021933,0.0
0.00031476098,0.0
0.0005391879,0.0
0.7962343,0.0
0.004063017,0.0
0.0031880005,0.0
0.003028241,0.0
0.039291505,0.0
5.4100576e-05,0.0
0.018574672,0.0
0.32006243,0.0
0.060316436,0.0
0.04789592,0.0
0.0056241895,0.0
0.01253999,0.0
0.012485631,0.0
0.02019497,0.0
0.0028503067,0.0
0.0004295658,0.0
0.024598015,0.0
0.0071310815,0.0
0.00025392193,0.0
0.042886816,0.0
0.00649262,0.0
0.0035654267,0.0
0.020159477,0.0
0.042755324,0.0
0.00016946794,0.0
0.014875748,0.0
0.00287149,0.0
0.02810878,0.0
0.00021964488,0.0
0.05969929,0.0
0.007030516,0.0
0.027442692,0.0
0.07405646,0.0
0.018974192,0.0
0.02744646,0.0
0.4568477,0.0
3.8120408e-05,0.0
0.0019960848,0.0
0.9835865,0.0
0.33125547,0.0
0.020746412,0.0
0.005102095,0.0
0.6836722,0.0
0.0022146008,0.0
0.0037055889,0.0
0.3962108,0.0
0.8734363,0.0
0.035885032,0.0
0.0052835033,0.0
0.1608964,0.0
0.006814915,0.0
0.010007503,0.0
0.00047115888,0.0
0.016341193,0.0
0.0034705456,0.0
0.07135387,0.0
0.007092431,0.0
0.014378476,0.0
0.0019219524,0.0
0.19852096,0.0
0.0039728866,0.0
0.008554244,0.0
0.00019674256,0.0
0.058581125,0.0
0.017450904,0.0
0.023512747,0.0
0.12298024,0.0
3.742714e-05,0.0
0.0080983015,0.0
0.025216786,0.0
0.0019246553,0.0
0.016359676,0.0
0.57527345,0.0
0.4353653,0.0
0.000920183,0.0
0.028760353,0.0
0.0008517977,0.0
0.0015941156,0.0
0.018171955,0.0
7.059247e-05,0.0
0.28003627,0.0
0.8041127,0.0
0.6156807,0.0
0.028766595,0.0
0.0007180821,0.0
0.013723177,0.0
0.005427425,0.0
0.00010358232,0.0
0.74438876,0.0
0.32354742,0.0
0.8819026,0.0
0.00022419715,0.0
0.6584319,0.0
0.03898273,0.0
0.14372727,0.0
3.3297256e-05,0.0
0.0010078581,0.0
2.7506403e-05,0.0
0.029956397,0.0
0.06983845,0.0
0.0030231732,0.0
0.012390768,0.0
0.04951262,0.0
6.076881e-05,0.0
0.08296222,0.0
0.0011292847,0.0
0.3479528,0.0
0.7721012,0.0
0.9880558,0.0
0.9644517,0.0
0.00910059,0.0
0.009048446,0.0
0.0054417495,0.0
0.010137042,0.0
0.00023800533,0.0
0.0044374503,0.0
0.008360406,0.0
0.07141034,0.0
0.16056849,0.0
0.00025426524,0.0
0.79454,0.0
0.0695303,0.0
0.022312073,0.0
0.06942348,0.0
0.012430854,0.0
0.015193979,0.0
0.0009224891,0.0
0.0031162999,0.0
0.00877129,0.0
0.055826258,0.0
0.32233283,0.0
0.2466986,0.0
0.004728748,0.0
0.3755736,0.0
6.7057445e-05,0.0
0.004705687,0.0
0.007491642,0.0
0.00013148651,0.0
0.005631768,0.0
0.057341807,0.0
0.017251272,0.0
0.08277754,0.0
6.950421e-05,0.0
0.0130001055,0.0
0.014608345,0.0
0.99901354,0.0
0.0025382629,0.0
0.005286424,0.0
0.0012904862,0.0
0.0013068627,0.0
0.00016043334,0.0
0.0010905188,0.0
0.0001593925,0.0
0.017947804,0.0
0.0010318303,0.0
0.041964337,0.0
0.016241072,0.0
0.014368012,0.0
0.00055571663,0.0
0.010811516,0.0
0.090073906,0.0
0.087371185,0.0
0.032330383,0.0
0.010439504,0.0
0.9954686,0.0
0.0041786768,0.0
0.00089692266,0.0
0.00011802337,0.0
0.003723208,0.0
0.0058431453,0.0
0.018992096,0.0
0.007771217,0.0
0.0024804084,0.0
1.9646717e-05,0.0
0.58591586,0.0
0.013380342,0.0
0.19479795,0.0
0.056068517,0.0
0.026882602,0.0
0.0060207983,0.0
0.010499906,0.0
0.6007132,0.0
0.66038865,0.0
0.01932041,0.0
9.683825e-06,0.0
0.020521194,0.0
0.059913002,0.0
0.116719574,0.0
0.00024305712,0.0
0.0018196695,0.0
0.0017277604,0.0
0.47248152,0.0
0.02619711,0.0
0.015309193,0.0
0.08891168,0.0
0.9242794,0.0
0.028264672,0.0
0.015504631,0.0
3.483784e-05,0.0
0.018128354,0.0
0.24409916,0.0
0.0034630036,0.0
0.008510727,0.0
0.02550774,0.0
0.0012463839,0.0
0.008089057,0.0
0.16554618,0.0
0.0022309006,0.0
9.937622e-05,0.0
6.471571e-05,0.0
3.374511e-05,0.0
0.06083965,0.0
0.026801478,0.0
0.033211738,0.0
5.0742416e-05,0.0
0.014239577,0.0
0.007969263,0.0
0.018725157,0.0
0.020154282,0.0
0.015847392,0.0
0.005350575,0.0
5.2531108e-05,0.0
0.23607612,0.0
0.09285401,0.0
0.02568285,0.0
0.0057158363,0.0
0.67211896,0.0
1.3685232e-05,0.0
0.0016085025,0.0
0.029595256,0.0
0.96102244,0.0
0.0011327426,0.0
2.7685963e-05,0.0
0.011001527,0.0
0.00019088305,0.0
0.011551314,0.0
0.0039463756,0.0
0.029756123,0.0
0.0039875996,0.0
0.008807557,0.0
0.5611443,0.0
0.027780319,0.0
0.00014935683,0.0
0.3762135,0.0
0.9988966,0.0
0.0013046409,0.0
0.57663935,0.0
0.009555079,0.0
0.15203387,0.0
0.029634798,0.0
0.091218606,0.0
0.01538978,0.0
0.0011518509,0.0
0.0048382203,0.0
0.006267223,0.0
0.18511455,0.0
0.017255297,0.0
0.039329834,0.0
0.32632086,0.0
0.008321919,0.0
0.017525364,0.0
0.017360244,0.0
0.022273108,0.0
0.018675016,0.0
0.05566208,0.0
0.008539125,0.0
0.94301194,0.0
0.85436827,0.0
0.0002921921,0.0
0.00018848252,0.0
0.070654705,0.0
0.039369084,0.0
0.01764767,0.0
0.011156416,0.0
0.010845522,0.0
0.080329016,0.0
0.07591623,0.0
4.8999773e-05,0.0
7.983409e-05,0.0
0.00036703158,0.0
0.07849563,0.0
0.0041201375,0.0
0.7662474,0.0
0.0042186053,0.0
0.029672602,0.0
0.5077948,0.0
0.010566524,0.0
0.36450568,0.0
0.00553142,0.0
0.33056396,0.0
0.30539685,0.0
0.82203925,0.0
0.007543299,0.0
0.0035578657,0.0
5.4286877e-05,0.0
0.02033822,0.0
0.060936525,0.0
0.008770312,0.0
0.06947149,0.0
0.030707974,0.0
0.04309214,0.0
0.0014040854,0.0
0.019468468,0.0
0.008559366,0.0
0.0013701369,0.0
0.0048016747,0.0
0.003820389,0.0
0.003969592,0.0
0.002760711,0.0
0.8484868,0.0
0.1780459,0.0
0.008271454,0.0
0.0054383776,0.0
0.007886752,0.0
0.0041192556,0.0
0.015225898,0.0
0.11862836,0.0
5.310348e-05,0.0
0.0010901173,0.0
0.0015728124,0.0
0.028005598,0.0
0.016799102,0.0
0.011301754,0.0
0.05895223,0.0
0.07555004,0.0
0.8372069,0.0
0.3935465,0.0
0.0021702142,0.0
0.018119922,0.0
0.9805896,0.0
0.045690596,0.0
4.0139526e-05,0.0
0.044538796,0.0
0.0007775683,0.0
0.021136958,0.0
0.0017943862,0.0
0.024248227,0.0
0.012541678,0.0
0.05331705,0.0
0.14131634,0.0
3.6651807e-05,0.0
0.0014652336,0.0
0.0009299386,0.0
0.018308459,0.0
6.550873e-05,0.0
0.017615277,0.0
0.52406514,0.0
7.135115e-05,0.0
0.027285347,0.0
7.445207e-05,0.0
0.37914214,0.0
8.4503146e-05,0.0
0.42436653,0.0
0.0005318583,0.0
0.0011280752,0.0
0.909603,0.0
0.22447512,0.0
0.023330323,0.0
7.756458e-05,0.0
0.0023229027,0.0
0.011308268,0.0
6.543736e-05,0.0
0.0013373934,0.0
0.020490717,0.0
0.042628456,0.0
0.0012323698,0.0
0.01410702,0.0
0.06364414,0.0
0.009848219,0.0
0.87700546,0.0
0.026795134,0.0
0.00038154592,0.0
0.024239643,0.0
0.020575473,0.0
0.0028308628,0.0
0.0004782653,0.0
0.03334774,0.0
0.0005959723,0.0
0.024708236,0.0
0.01909898,0.0
0.035542853,0.0
0.0570489,0.0
0.011900071,0.0
0.03574522,0.0
0.03751219,0.0
0.0099503,0.0
0.009593659,0.0
0.046113234,0.0
0.45016477,0.0
0.6560191,0.0
0.18777862,0.0
0.011333815,0.0
0.006594065,0.0
0.0040003653,0.0
0.0022155577,0.0
0.023927584,0.0
9.0071866e-05,0.0
0.0006238157,0.0
0.042564966,0.0
0.006058076,0.0
0.032582592,0.0
0.048624277,0.0
0.0039595556,0.0
0.0009986354,0.0
0.0025217144,0.0
0.0001333816,0.0
0.1569,0.0
0.013573566,0.0
0.3755507,0.0
0.09221676,0.0
0.0076920325,0.0
0.0052866144,0.0
0.018842766,0.0
0.00016480326,0.0
0.84826577,0.0
0.00069127,0.0
0.00013066709,0.0
0.012674696,0.0
0.006311532,0.0
0.007721803,0.0
0.0013490719,0.0
0.016371835,0.0
0.04713238,0.0
0.36951753,0.0
0.03343468,0.0
0.009838823,0.0
0.03424993,0.0
0.00044065708,0.0
0.0031222089,0.0
0.01405649,0.0
0.00029423725,0.0
0.116940185,0.0
0.011890038,0.0
0.22460157,0.0
5.5566346e-05,0.0
0.03475044,0.0
0.08019733,0.0
0.039213076,0.0
0.009779729,0.0
0.82130337,0.0
0.0214899,0.0
0.006577843,0.0
0.09900106,0.0
0.010976724,0.0
0.0021629957,0.0
0.0033218989,0.0
0.48984972,0.0
0.12698312,0.0
0.023077292,0.0
0.00018891845,0.0
0.00015252235,0.0
0.057103477,0.0
0.015846426,0.0
0.006155489,0.0
0.0221153,0.0
0.00079299876,0.0
5.435557e-05,0.0
3.932953e-05,0.0
0.03600793,0.0
0.017031932,0.0
0.018771552,0.0
0.009499436,0.0
0.08681703,0.0
0.0005132716,0.0
0.0708258,0.0
0.041329116,0.0
0.073457256,0.0
9.367191e-05,0.0
0.00034731632,0.0
6.6900255e-05,0.0
6.649447e-05,0.0
0.0019217738,0.0
0.0019780868,0.0
0.024666581,0.0
0.37356898,0.0
0.0025616784,0.0
0.0021355108,0.0
0.00917517,0.0
5.5190016e-05,0.0
0.003967803,0.0
0.013723468,0.0
0.0017862855,0.0
0.7929845,0.0
0.0013798592,0.0
0.019216321,0.0
0.0031502994,0.0
0.0832676,0.0
0.0013376278,0.0
4.358299e-05,0.0
0.11666314,0.0
0.0019450828,0.0
0.0071444428,0.0
0.05320402,0.0
0.00013839759,0.0
0.0039525656,0.0
0.0012428523,0.0
0.049585808,0.0
0.04157681,0.0
0.0003725551,0.0
0.0021670195,0.0
0.006168922,0.0
0.023499213,0.0
0.0004859542,0.0
0.00020389905,0.0
0.037721697,0.0
0.0069224425,0.0
0.009198929,0.0
0.016175548,0.0
0.0066226665,0.0
0.0101167355,0.0
0.00016599524,0.0
0.88737893,0.0
0.0113295475,0.0
0.007375021,0.0
0.004171393,0.0
0.0023429552,0.0
0.00029552795,0.0
0.20879525,0.0
0.00022532631,0.0
3.5113448e-05,0.0
0.024589848,0.0
0.102359705,0.0
0.43716368,0.0
0.0055456734,0.0
0.0047540898,0.0
0.029896555,0.0
0.0127037,0.0
0.0024178848,0.0
0.011498985,0.0
0.00017250181,0.0
0.06421573,0.0
0.94163203,0.0
0.00040556953,0.0
0.5877652,0.0
8.8226065e-05,0.0
0.4545203,0.0
0.009299529,0.0
0.008011645,0.0
0.0015886379,0.0
0.013893381,0.0
0.0071155815,0.0
0.017267635,0.0
0.10374658,0.0
0.0064955247,0.0
0.30433372,0.0
0.010204444,0.0
0.13550523,0.0
0.03459109,0.0
0.3874913,0.0
2.799153e-05,0.0
0.011397285,0.0
0.0017950432,0.0
0.05266583,0.0
0.00018862958,0.0
0.0036438135,0.0
0.0018854172,0.0
0.017212365,0.0
0.010367663,0.0
0.039307736,0.0
0.00026506218,0.0
0.0058764624,0.0
0.003079801,0.0
0.1984674,0.0
0.52686656,0.0
0.00074730336,0.0
0.028729541,0.0
0.00031841605,0.0
0.011614155,0.0
0.4277159,0.0
0.99922097,0.0
0.0025908598,0.0
0.011528812,0.0
0.15328121,0.0
0.11383334,0.0
0.33603036,0.0
0.0021242606,0.0
0.0025878425,0.0
0.043315243,0.0
0.054796163,0.0
2.8771685e-05,0.0
8.5791944e-05,0.0
0.029212551,0.0
0.040577535,0.0
0.729836,0.0
0.04225617,0.0
8.580062e-05,0.0
0.0005443967,0.0
0.9724649,0.0
0.24057807,0.0
0.28224078,0.0
0.9158863,0.0
0.00018712712,0.0
0.024751868,0.0
0.014493399,0.0
0.06522627,0.0
0.054757945,0.0
0.012309393,0.0
0.18635017,0.0
0.9657398,0.0
0.0027383077,0.0
0.009471624,0.0
0.048424885,0.0
0.76415706,0.0
0.036224127,0.0
0.054923795,0.0
0.38237822,0.0
0.06839884,0.0
0.050139878,0.0
0.4585041,0.0
0.89662534,0.0
0.0014632989,0.0
0.0005733955,0.0
0.27175575,0.0
0.05894581,0.0
0.09599805,0.0
0.53476435,0.0
0.1422118,0.0
6.808071e-05,0.0
0.0030157089,0.0
0.00025296552,0.0
0.0025037024,0.0
0.024262978,0.0
0.00020589468,0.0
0.0023165077,0.0
0.029644284,0.0
0.0022729046,0.0
0.06535696,0.0
0.01943578,0.0
0.27622712,0.0
0.2615856,0.0
0.013302466,0.0
0.25181463,0.0
0.00024082005,0.0
0.0044434345,0.0
0.39034778,0.0
0.02167666,0.0
0.006818276,0.0
0.008800384,0.0
0.007490944,0.0
0.00035574372,0.0
0.0043932167,0.0
0.008453445,0.0
0.80135155,0.0
0.23881799,0.0
0.019900039,0.0
6.585221e-05,0.0
0.006098438,0.0
0.0035723997,0.0
0.01106251,0.0
0.006621114,0.0
0.043263,0.0
0.00049589033,0.0
0.0010388789,0.0
0.022070486,0.0
0.2919662,0.0
0.0066495542,0.0
0.01218456,0.0
0.0001177611,0.0
0.005984876,0.0
0.022675434,0.0
0.2414591,0.0
0.0019393906,0.0
0.16887122,0.0
0.0072035273,0.0
0.00024792072,0.0
0.033440225,0.0
0.5374884,0.0
0.012774033,0.0
0.10486579,0.0
0.0054382714,0.0
0.49982625,0.0
0.00049142365,0.0
0.0002537946,0.0
0.017633682,0.0
0.02776777,0.0
0.031354785,0.0
0.047692418,0.0
0.0023433387,0.0
0.16059814,0.0
0.019720225,0.0
0.008599076,0.0
0.7361797,0.0
0.093723275,0.0
0.7947596,0.0
0.00096544914,0.0
0.99738735,0.0
0.2432398,0.0
0.014034658,0.0
0.00023705348,0.0
0.0013874256,0.0
0.0016980406,0.0
0.00016243162,0.0
0.10607067,0.0
0.0010601055,0.0
0.0010743994,0.0
0.0001327273,0.0
0.44320333,0.0
0.023021812,0.0
0.013547415,0.0
0.024340685,0.0
0.00017396513,0.0
0.004340076,0.0
0.004062149,0.0
0.019349737,0.0
0.20072837,0.0
0.8607607,0.0
0.0005016518,0.0
0.66034883,0.0
0.5760993,0.0
0.047306772,0.0
0.12381012,0.0
0.03675801,0.0
5.665866e-05,0.0
0.561479,0.0
0.09667902,0.0
0.00035870087,0.0
0.01128263,0.0
0.0265956,0.0
0.011707913,0.0
0.0028135933,0.0
0.051677473,0.0
0.68712,0.0
0.32528144,0.0
0.0047972677,0.0
0.033056185,0.0
0.75634736,0.0
0.0126557825,0.0
0.26170486,0.0
9.696235e-05,0.0
0.017653946,0.0
0.00033217392,0.0
0.0009477442,0.0
0.031572808,0.0
0.0052265376,0.0
0.00028064408,0.0
0.040125452,0.0
0.00016026638,0.0
0.3167608,0.0
0.00012579813,0.0
0.96917,0.0
0.6709315,0.0
0.01961936,0.0
0.0063096755,0.0
0.013038554,0.0
0.016385831,0.0
0.011652978,0.0
0.3808022,0.0
0.017384768,0.0
0.016506404,0.0
0.005490998,0.0
0.014729119,0.0
0.037028722,0.0
0.00027435998,0.0
0.005914261,0.0
0.64004076,0.0
0.037625965,0.0
0.40803996,0.0
0.034356765,0.0
0.03811929,0.0
0.08652591,0.0
0.347087,0.0
0.103286944,0.0
2.8818917e-05,0.0
0.040435936,0.0
9.895174e-05,0.0
0.012631828,0.0
0.56748754,0.0
0.0042074686,0.0
0.0019575292,0.0
0.015161721,0.0
0.029496098,0.0
0.012216836,0.0
0.10289829,0.0
0.0063165105,0.0
0.012931418,0.0
0.02926573,0.0
0.1623602,0.0
0.016172815,0.0
0.0073507135,0.0
0.015438551,0.0
0.09621109,0.0
0.006007868,0.0
0.00568927,0.0
0.012427407,0.0
0.050896876,0.0
0.00027753625,0.0
0.041676547,0.0
0.03405491,0.0
0.69883955,0.0
0.009461394,0.0
0.020401958,0.0
0.71309286,0.0
0.0006764921,0.0
0.38144365,0.0
0.0056148614,0.0
0.00011614805,0.0
0.009515998,0.0
0.008260965,0.0
0.039112292,0.0
0.007548752,0.0
0.0069528664,0.0
0.9922929,0.0
0.021023866,0.0
0.004068124,0.0
3.416525e-05,0.0
0.015713898,0.0
0.0004998368,0.0
0.008952119,0.0
0.0030799888,0.0
0.020668436,0.0
0.0063671414,0.0
0.005849974,0.0
0.03259179,0.0
0.033380076,0.0
8.128265e-05,0.0
0.33734697,0.0
0.03306222,0.0
0.048788846,0.0
0.005480312,0.0
0.0006102613,0.0
0.02448232,0.0
0.003489426,0.0
0.074931346,0.0
0.008025523,0.0
0.00032891837,0.0
0.13981108,0.0
0.0015531642,0.0
0.008053397,0.0
0.0093838535,0.0
2.9751656e-05,0.0
0.02939829,0.0
0.15017532,0.0
0.00010624371,0.0
0.01388205,0.0
0.00021563606,0.0
1.35725195e-05,0.0
0.31651926,0.0
0.0022060082,0.0
4.8074537e-05,0.0
1.1517047e-05,0.0
0.00033726165,0.0
0.0178057,0.0
0.00029250287,0.0
0.01827992,0.0
0.01789808,0.0
0.060091797,0.0
0.004365755,0.0
0.11638551,0.0
0.63185483,0.0
3.3195007e-05,0.0
0.0006755418,0.0
0.024416275,0.0
0.011156921,0.0
0.7212551,0.0
0.008399165,0.0
0.044313297,0.0
0.00015587233,0.0
0.00032900993,0.0
0.00020912602,0.0
0.17736715,0.0
0.78428656,0.0
0.1620428,0.0
4.399376e-05,0.0
0.045690138,0.0
0.03883136,0.0
0.034558307,0.0
0.034867212,0.0
0.016942147,0.0
0.23992702,0.0
0.4255507,0.0
0.069048226,0.0
4.1547897e-05,0.0
0.00015303836,0.0
0.087206654,0.0
0.0024250685,0.0
0.9778055,0.0
0.8467364,0.0
0.0054975743,0.0
0.9201162,0.0
0.02259942,0.0
0.92305213,0.0
0.6675937,0.0
0.0154543,0.0
0.00052130426,0.0
0.004618687,0.0
0.041521713,0.0
0.00015489788,0.0
0.0026874857,0.0
0.16728158,0.0
0.0055774944,0.0
0.014362564,0.0
0.00019281326,0.0
0.14998174,0.0
0.9623855,0.0
0.05201734,0.0
6.272282e-05,0.0
0.34436622,0.0
0.006172583,0.0
0.0032352065,0.0
0.017031701,0.0
0.005634201,0.0
0.0012021209,0.0
0.008105035,0.0
0.85672176,0.0
0.0056538437,0.0
0.8529446,0.0
0.88181823,0.0
0.00031226286,0.0
0.012978929,0.0
0.015155506,0.0
0.0043905145,0.0
0.00750561,0.0
0.12956414,0.0
0.90707374,0.0
0.000104053164,0.0
0.69098675,0.0
0.003188916,0.0
0.002131003,0.0
0.02302985,0.0
0.009075598,0.0
0.0349895,0.0
0.0003031407,0.0
0.50081176,0.0
0.009010903,0.0
0.012861307,0.0
0.1244981,0.0
0.8811851,0.0
0.13109256,0.0
0.010596363,0.0
0.34264395,0.0
0.012752805,0.0
0.010871632,0.0
0.0017104759,0.0
0.73748344,0.0
0.015553041,0.0
0.0003388014,0.0
0.01597592,0.0
0.0010017324,0.0
0.009594194,0.0
0.012350086,0.0
0.013806274,0.0
0.00013041789,0.0
0.5371235,0.0
0.02989466,0.0
0.03686475,0.0
0.00051014946,0.0
0.8938354,0.0
0.060083706,0.0
0.15641133,0.0
0.001906747,0.0
0.037289217,0.0
0.026073584,0.0
0.6025422,0.0
0.0031065797,0.0
0.17884749,0.0
0.032603674,0.0
0.008754586,0.0
0.18799232,0.0
0.027825646,0.0
0.009039993,0.0
0.01872369,0.0
0.022573998,0.0
0.050919812,0.0
0.6287012,0.0
0.07651789,0.0
3.26648e-05,0.0
0.29108518,0.0
0.017628346,0.0
0.01630085,0.0
0.96332777,0.0
0.014387568,0.0
0.01535461,0.0
0.009578434,0.0
0.035606377,0.0
0.010221962,0.0
0.00862139,0.0
0.98270583,0.0
0.42430893,0.0
0.025866607,0.0
0.09261161,0.0
0.00083315925,0.0
0.62762654,0.0
0.40968066,0.0
0.012136618,0.0
0.0002892306,0.0
0.037555385,0.0
0.012056164,0.0
0.027947327,0.0
0.01713335,0.0
0.016809432,0.0
0.0844415,0.0
0.00010111615,0.0
6.1010072e-05,0.0
0.00012539262,0.0
0.00014080747,0.0
0.056906,0.0
0.04929106,0.0
0.008491042,0.0
0.084947355,0.0
0.0050326786,0.0
0.010024194,0.0
5.857836e-05,0.0
0.004459025,0.0
0.018986508,0.0
0.008809722,0.0
0.092449196,0.0
0.0029595585,0.0
0.046685755,0.0
0.0062540513,0.0
0.30940056,0.0
0.06743556,0.0
0.007637922,0.0
0.08011359,0.0
0.0047724633,0.0
0.023239203,0.0
0.5003793,0.0
0.03822003,0.0
0.13758773,0.0
0.0018923384,0.0
0.0030699084,0.0
0.044767186,0.0
0.006789401,0.0
0.0047741802,0.0
0.012213797,0.0
0.00028935805,0.0
0.00072352175,0.0
0.0029747568,0.0
0.0019525078,0.0
0.041809242,0.0
0.0068052844,0.0
0.090555094,0.0
0.036808126,0.0
0.008984048,0.0
0.011115019,0.0
0.005598878,0.0
0.00022686787,0.0
0.00277957,0.0
0.006539401,0.0
0.0082046315,0.0
0.0071054013,0.0
0.01064614,0.0
0.2331699,0.0
0.9789779,0.0
0.00016150344,0.0
0.98820543,0.0
0.010417011,0.0
0.0343666,0.0
0.030941855,0.0
0.0077021345,0.0
0.9092206,0.0
0.00032588694,0.0
0.008551107,0.0
4.166304e-05,0.0
0.0003186888,0.0
0.022458624,0.0
0.0031500447,0.0
0.012462575,0.0
0.003995362,0.0
0.008695089,0.0
0.016186796,0.0
0.00034312968,0.0
0.013440256,0.0
0.039148845,0.0
9.713717e-05,0.0
0.7211613,0.0
0.07227596,0.0
0.16637789,0.0
0.00791642,0.0
0.0071679885,0.0
0.0018340433,0.0
0.0050287526,0.0
0.009812361,0.0
0.14271535,0.0
0.010408968,0.0
0.019172667,0.0
0.01828635,0.0
0.002364264,0.0
0.12250894,0.0
0.028681844,0.0
0.0048755957,0.0
0.00022529621,0.0
0.004760743,0.0
0.8388561,0.0
0.024270581,0.0
0.0003670398,0.0
0.00012935288,0.0
0.029530307,0.0
0.025298987,0.0
0.074557915,0.0
0.007715357,0.0
0.034032244,0.0
1.6312379e-05,0.0
0.00036190334,0.0
0.3333503,0.0
0.00018832245,0.0
0.023540827,0.0
0.03093184,0.0
0.24678761,0.0
0.0015675641,0.0
0.032838743,0.0
0.00046155197,0.0
0.036698043,0.0
0.003394819,0.0
0.026348282,0.0
0.0045002145,0.0
0.23291373,0.0
0.00024334418,0.0
0.04463868,0.0
0.63188726,0.0
0.054382052,0.0
0.03289153,0.0
0.5085899,0.0
0.16292375,0.0
0.05179129,0.0
0.029773964,0.0
0.36918476,0.0
5.5575674e-05,0.0
0.006417349,0.0
0.9782689,0.0
0.057062175,0.0
2.2196658e-05,0.0
0.8274857,0.0
0.0006912035,0.0
0.02468322,0.0
0.008816875,0.0
0.1176013,0.0
0.16091484,0.0
0.11527328,0.0
0.00032674187,0.0
0.04377162,0.0
0.0015511113,0.0
0.7224375,0.0
0.04216287,0.0
0.013309602,0.0
0.010066713,0.0
0.93230736,0.0
0.0007391903,0.0
0.006736912,0.0
0.05634525,0.0
0.586297,0.0
0.0017229944,0.0
0.00721257,0.0
0.039428864,0.0
0.37451723,0.0
0.020997126,0.0
0.0015042237,0.0
0.2500417,0.0
0.0010447826,0.0
0.013852016,0.0
0.059943,0.0
9.342792e-05,0.0
0.0019962233,0.0
0.7396943,0.0
0.05985587,0.0
0.0064245653,0.0
0.010171611,0.0
0.014430637,0.0
0.028924912,0.0
0.013080685,0.0
0.014638302,0.0
0.0019547932,0.0
0.00010593515,0.0
0.026840033,0.0
0.00027918883,0.0
0.0062215077,0.0
0.030169,0.0
0.0020512482,0.0
0.09527488,0.0
0.020519804,0.0
0.0028715066,0.0
0.005576749,0.0
0.0027006418,0.0
0.22343034,0.0
0.0007319511,0.0
0.0068667787,0.0
0.0019395725,0.0
0.041740507,0.0
0.479521,0.0
0.0014088342,0.0
0.013834356,0.0
0.00080590165,0.0
0.0023054006,0.0
0.04340575,0.0
0.00027027755,0.0
0.033520646,0.0
0.026740462,0.0
0.15918921,0.0
0.015710315,0.0
0.70384014,0.0
0.0027215288,0.0
0.305613,0.0
0.0003090317,0.0
0.030852746,0.0
5.413133e-05,0.0
0.0011072172,0.0
0.028527865,0.0
0.041616473,0.0
0.0016562105,0.0
0.0026918906,0.0
0.0004864299,0.0
0.015257824,0.0
0.010555662,0.0
0.104842335,0.0
0.008013961,0.0
0.025690446,0.0
0.0029986708,0.0
0.40822423,0.0
0.00021174579,0.0
5.0861887e-05,0.0
0.94042987,0.0
0.097874895,0.0
0.035520025,0.0
0.099266835,0.0
0.0047203377,0.0
0.12336438,0.0
0.005259453,0.0
0.013277492,0.0
0.23375292,0.0
0.28015867,0.0
0.023484955,0.0
0.0014213239,0.0
0.01616623,0.0
0.069847114,0.0
0.026417391,0.0
0.6390505,0.0
0.030353768,0.0
0.9686789,0.0
0.033548404,0.0
0.15030898,0.0
0.022667224,0.0
0.038018487,0.0
0.0007683907,0.0
0.00017788315,0.0
0.10328953,0.0
0.00028376185,0.0
0.059125777,0.0
8.648728e-05,0.0
0.023755694,0.0
0.0060500596,0.0
0.11481988,0.0
0.0017102902,0.0
0.01397217,0.0
0.002141447,0.0
0.004428407,0.0
0.054817185,0.0
8.332622e-05,0.0
0.16019617,0.0
0.00020084459,0.0
0.016824922,0.0
0.0003521753,0.0
6.172249e-05,0.0
0.06381343,0.0
0.0076656244,0.0
0.00011547947,0.0
6.336791e-05,0.0
0.012686373,0.0
0.0077145724,0.0
0.023275761,0.0
0.0002362376,0.0
0.011114815,0.0
0.0003738931,0.0
0.8604917,0.0
0.00570393,0.0
0.0077281413,0.0
0.0519511,0.0
0.0029565068,0.0
0.038321216,0.0
0.0014217902,0.0
0.25817776,0.0
0.83092403,0.0
0.020767443,0.0
0.0069655036,0.0
0.03660388,0.0
0.042725593,0.0
0.16576198,0.0
0.014231693,0.0
0.005321112,0.0
0.00578687,0.0
0.0037362862,0.0
0.056213107,0.0
0.009969908,0.0
0.009317457,0.0
0.028846813,0.0
0.003946406,0.0
0.28634027,0.0
0.032877617,0.0
0.011457578,0.0
0.00532256,0.0
0.008958306,0.0
0.022955349,0.0
0.9971796,0.0
0.0065944083,0.0
0.0072772903,0.0
0.005438751,0.0
0.030052708,0.0
0.0019465153,0.0
0.08772919,0.0
0.026121244,0.0
0.0023092094,0.0
0.00024134784,0.0
0.0070247883,0.0
0.041896667,0.0
0.022001453,0.0
0.17448603,0.0
0.00792898,0.0
0.008827494,0.0
0.5344057,0.0
0.012455435,0.0
0.006810253,0.0
0.012268328,0.0
0.00032200982,0.0
0.00041997386,0.0
0.008605783,0.0
0.47557297,0.0
0.007725084,0.0
0.11388281,0.0
0.025605347,0.0
0.015648622,0.0
0.7469157,0.0
0.109963536,0.0
0.025289351,0.0
0.01678003,0.0
0.07358224,0.0
0.09203003,0.0
0.008241989,0.0
0.022831252,0.0
0.023679227,0.0
0.9881308,0.0
0.0033405088,0.0
0.8972401,0.0
0.0004917099,0.0
0.0015122844,0.0
0.0033924566,0.0
0.5323802,0.0
0.00026017302,0.0
0.026838005,0.0
0.9883208,0.0
0.018577455,0.0
0.006895882,0.0
0.015601066,0.0
5.961056e-05,0.0
0.1438306,0.0
0.14637484,0.0
0.04921107,0.0
0.03595315,0.0
2.6575788e-05,0.0
0.4302559,0.0
0.010978649,0.0
0.40517676,0.0
8.248135e-05,0.0
0.06600582,0.0
0.37717232,0.0
0.044150487,0.0
0.8623126,0.0
0.14270109,0.0
0.016393365,0.0
0.7404708,0.0
1.4644813e-05,0.0
0.035740577,0.0
0.11731468,0.0
0.43835434,0.0
0.045858566,0.0
0.04834941,0.0
0.13125773,0.0
0.0078119254,0.0
0.044407405,0.0
0.00028927613,0.0
0.001364308,0.0
0.1423041,0.0
0.0012703447,0.0
0.06096979,0.0
0.032462217,0.0
0.0010293258,0.0
0.058681842,0.0
0.59633654,0.0
8.2128005e-05,0.0
0.035983253,0.0
9.916228e-05,0.0
0.5806554,0.0
0.89334285,0.0
0.00017229322,0.0
0.042929567,0.0
0.044677675,0.0
0.12176394,0.0
0.00028345172,0.0
0.46451405,0.0
0.0019484079,0.0
0.013133057,0.0
0.23562934,0.0
0.01952751,0.0
0.0011679166,0.0
0.008453877,0.0
0.0045860554,0.0
0.014402695,0.0
0.00020670707,0.0
0.3640113,0.0
0.0004529395,0.0
0.022132328,0.0
0.0027666101,0.0
0.0055529205,0.0
0.033880554,0.0
0.020496374,0.0
0.020521173,0.0
0.0006198783,0.0
0.0070510875,0.0
0.01771575,0.0
0.0010580462,0.0
0.00013293883,0.0
0.021566741,0.0
0.0048444667,0.0
0.002010702,0.0
0.042444974,0.0
0.006527689,0.0
0.016046064,0.0
0.0019568084,0.0
0.030449329,0.0
0.005581876,0.0
0.007598664,0.0
8.959591e-05,0.0
0.6862186,0.0
0.45800984,0.0
0.00045657068,0.0
0.6532892,0.0
0.72740746,0.0
0.0011379491,0.0
0.036726773,0.0
0.09624774,0.0
0.008845135,0.0
0.006772118,0.0
0.07566269,0.0
0.0093191955,0.0
0.004001491,0.0
0.034251187,0.0
0.027790014,0.0
0.08866863,0.0
0.012096824,0.0
0.0038195674,0.0
0.014762289,0.0
0.0030414462,0.0
9.001305e-05,0.0
0.65649194,0.0
0.25989994,0.0
0.8967052,0.0
0.038182374,0.0
0.00783292,0.0
0.011418603,0.0
0.0107417535,0.0
0.010988715,0.0
0.042777967,0.0
0.6266344,0.0
0.0034030005,0.0
0.016478913,0.0
0.0035029624,0.0
0.0026726767,0.0
0.017453546,0.0
0.025940882,0.0
0.00022837534,0.0
0.9925782,0.0
3.9322967e-05,0.0
0.006537484,0.0
0.010102897,0.0
0.64940935,0.0
0.0017184967,0.0
0.00066178036,0.0
1.4422419e-05,0.0
0.018646726,0.0
0.0006858086,0.0
0.46805906,0.0
0.00024882602,0.0
0.016118763,0.0
0.8523919,0.0
0.00035241188,0.0
0.6400462,0.0
0.0665555,0.0
0.120201685,0.0
0.47034395,0.0
0.042769007,0.0
0.00015902665,0.0
0.010244613,0.0
0.15302344,0.0
0.000115336305,0.0
0.030655678,0.0
0.00040001617,0.0
0.5478674,0.0
0.0008177318,0.0
0.054061595,0.0
0.06285703,0.0
0.015271429,0.0
0.1623705,0.0
0.003399522,0.0
0.01828555,0.0
0.034265406,0.0
0.032846406,0.0
0.08492957,0.0
0.0039877645,0.0
0.013990359,0.0
0.1275197,0.0
0.013233328,0.0
0.00941074,0.0
0.09741199,0.0
0.001243654,0.0
0.012986409,0.0
0.018553084,0.0
0.011690481,0.0
0.026399525,0.0
3.68847e-05,0.0
2.2035523e-05,0.0
0.7609561,0.0
0.0003777168,0.0
0.009586902,0.0
0.017448068,0.0
0.04797541,0.0
0.047666118,0.0
0.02544847,0.0
0.015728515,0.0
0.00011029699,0.0
0.010216318,0.0
0.0041114637,0.0
0.00010330338,0.0
0.01216472,0.0
0.0073717963,0.0
0.0067133447,0.0
0.69714385,0.0
0.0036910323,0.0
0.002790031,0.0
0.81454825,0.0
0.04615034,0.0
0.0002951217,0.0
0.14030623,0.0
0.06046578,0.0
0.013769167,0.0
9.385305e-05,0.0
0.0017180737,0.0
0.00014338916,0.0
0.01869943,0.0
0.013966048,0.0
0.00021464056,0.0
0.016123679,0.0
0.010961795,0.0
0.012988469,0.0
0.02906123,0.0
0.065842114,0.0
0.012734321,0.0
0.0009654904,0.0
0.018531162,0.0
0.009904744,0.0
0.40854374,0.0
0.9693839,0.0
0.32201558,0.0
0.80993676,0.0
0.010048967,0.0
0.08129575,0.0
0.0670584,0.0
0.0125218285,0.0
0.9314202,0.0
9.167408e-05,0.0
0.00019120473,0.0
0.00027642894,0.0
0.27613285,0.0
0.36426577,0.0
0.07160045,0.0
0.0002832167,0.0
0.020680986,0.0
5.051309e-05,0.0
0.006474492,0.0
0.03624775,0.0
0.036694158,0.0
0.021981893,0.0
0.0025160583,0.0
0.018021736,0.0
0.0021137965,0.0
0.9306086,0.0
0.005822683,0.0
0.020651225,0.0
0.07135301,0.0
0.006780812,0.0
0.02262244,0.0
0.00797188,0.0
0.77139604,0.0
0.03384788,0.0
0.017407732,0.0
0.00018447718,0.0
0.010706064,0.0
0.00837119,0.0
0.20704335,0.0
0.009176709,0.0
0.74003386,0.0
0.0012697472,0.0
0.13383478,0.0
0.018599564,0.0
0.2130667,0.0
0.018841203,0.0
0.0100770015,0.0
0.010275171,0.0
0.0006024684,0.0
0.0029585327,0.0
0.0036115113,0.0
0.5771715,0.0
0.012229847,0.0
0.05281082,0.0
0.019503532,0.0
0.001564062,0.0
3.146324e-05,0.0
0.86565804,0.0
0.046115447,0.0
0.3746869,0.0
0.9591554,0.0
0.25663465,0.0
0.6274481,0.0
0.00020368879,0.0
0.0005579117,0.0
0.959963,0.0
6.329435e-05,0.0
0.013538515,0.0
0.27440718,0.0
0.0256817,0.0
0.055137735,0.0
0.12013746,0.0
0.05856837,0.0
0.14183658,0.0
0.013255583,0.0
0.00091085944,0.0
0.053820197,0.0
0.02442084,0.0
0.09826145,0.0
0.03683195,0.0
0.0012571788,0.0
0.0084610265,0.0
0.07944361,0.0
0.00071746885,0.0
0.024394065,0.0
0.19829063,0.0
0.00024093398,0.0
7.635443e-05,0.0
0.0010486536,0.0
4.381515e-05,0.0
0.03216148,0.0
0.020562552,0.0
0.35104036,0.0
0.000110370434,0.0
6.0037863e-05,0.0
0.045812216,0.0
0.027677996,0.0
0.0008611066,0.0
0.06424552,0.0
0.12862591,0.0
0.020043043,0.0
0.00030837892,0.0
0.0048630517,0.0
0.006050039,0.0
0.0041756104,0.0
0.06914413,0.0
0.27458167,0.0
0.0035217414,0.0
0.013317219,0.0
0.016165866,0.0
0.00013358996,0.0
0.013175087,0.0
0.019057224,0.0
0.22091228,0.0
0.09263458,0.0
0.005250377,0.0
0.0016639924,0.0
0.016737161,0.0
0.0011693571,0.0
8.854821e-05,0.0
0.1841842,0.0
0.023028145,0.0
0.03925942,0.0
0.0004505221,0.0
0.678087,0.0
0.011026552,0.0
0.7188225,0.0
0.025300015,0.0
0.03387134,0.0
0.023375032,0.0
0.006462743,0.0
0.009105025,0.0
0.00063374,0.0
0.023379073,0.0
0.100021675,0.0
0.0068228147,0.0
0.015707845,0.0
0.002952899,0.0
0.0080515575,0.0
0.0004617196,0.0
0.011341266,0.0
0.00020557297,0.0
0.032611076,0.0
0.00056421984,0.0
0.16221157,0.0
0.00807151,0.0
0.00864144,0.0
0.002522553,0.0
0.052280664,0.0
0.00058868737,0.0
0.06309804,0.0
0.009700567,0.0
0.00019875779,0.0
0.2305611,0.0
0.7019756,0.0
0.061148945,0.0
0.5434411,0.0
0.09055844,0.0
0.017111715,0.0
0.0007254418,0.0
0.0001383555,0.0
0.010095084,0.0
0.054328196,0.0
0.0034652096,0.0
0.016749289,0.0
0.003686443,0.0
0.03971945,0.0
0.00018531478,0.0
0.027656866,0.0
0.033808302,0.0
0.004384786,0.0
0.6482274,0.0
0.02162426,0.0
1.8763927e-05,0.0
0.06969941,0.0
0.007344731,0.0
0.0029936228,0.0
0.014116506,0.0
0.0035175001,0.0
0.008810322,0.0
0.0036731616,0.0
0.0150221195,0.0
0.119689256,0.0
0.031700484,0.0
0.05233433,0.0
0.2447956,0.0
0.16202104,0.0
0.0029111027,0.0
0.0047560055,0.0
0.00018760985,0.0
0.20962147,0.0
0.0018688107,0.0
0.017921237,0.0
0.83487314,0.0
0.013616614,0.0
0.0028470655,0.0
0.0023605656,0.0
0.0027408453,0.0
0.8346505,0.0
5.434645e-05,0.0
0.006042285,0.0
0.5926293,0.0
0.120755605,0.0
0.022959832,0.0
0.113307886,0.0
0.026097078,0.0
0.0027295917,0.0
0.03155967,0.0
0.09060305,0.0
0.310194,0.0
0.00958979,0.0
0.027741723,0.0
0.038809843,0.0
0.012920953,0.0
0.00015216239,0.0
0.17682295,0.0
0.00021405342,0.0
0.8029954,0.0
0.01066387,0.0
0.040605705,0.0
0.032294165,0.0
0.020120397,0.0
0.008064734,0.0
0.011181157,0.0
0.00095132354,0.0
0.0032605862,0.0
0.98571336,0.0
0.022390468,0.0
0.47032353,0.0
0.010696412,0.0
0.008472563,0.0
0.010824166,0.0
0.023499625,0.0
0.00061809045,0.0
0.005914814,0.0
0.0016106387,0.0
0.13310927,0.0
0.08905505,0.0
1.6736993e-05,0.0
0.26241246,0.0
0.1647565,0.0
0.013869105,0.0
0.0070251543,0.0
0.0186273,0.0
0.09189664,0.0
0.23390278,0.0
0.00039085417,0.0
0.00050480635,0.0
0.0010431649,0.0
0.016722405,0.0
0.6904078,0.0
0.04259734,0.0
0.62096107,0.0
0.0029577678,0.0
0.07586601,0.0
0.008640158,0.0
0.010161976,0.0
0.030213049,0.0
0.0033896656,0.0
0.00040017083,0.0
6.49094e-05,0.0
0.036827706,0.0
0.007910727,0.0
0.060926653,0.0
0.02676066,0.0
5.107234e-05,0.0
0.020169439,0.0
0.38149938,0.0
0.29567203,0.0
0.016544105,0.0
0.8027628,0.0
8.119898e-05,0.0
0.015623536,0.0
0.81598324,0.0
2.5096066e-05,0.0
0.0016465043,0.0
0.06381812,0.0
0.00015326808,0.0
4.9174418e-05,0.0
0.00064176734,0.0
0.018372081,0.0
0.007824806,0.0
0.047876183,0.0
0.0072194124,0.0
0.00025778732,0.0
0.015472325,0.0
0.6343833,0.0
0.022999056,0.0
0.5135505,0.0
0.008506837,0.0
0.0057014157,0.0
0.24129438,0.0
0.0039030395,0.0
0.0424712,0.0
0.02155827,0.0
0.45086715,0.0
0.031754326,0.0
0.93932223,0.0
0.034107447,0.0
0.007623352,0.0
0.004907231,0.0
0.13237332,0.0
0.6261086,0.0
0.017929113,0.0
0.0068362686,0.0
0.10227237,0.0
0.022565253,0.0
0.090288356,0.0
0.00075887726,0.0
0.022316825,0.0
0.0001771984,0.0
0.0067546475,0.0
0.9393808,0.0
0.0028780208,0.0
0.047746874,0.0
0.054525945,0.0
0.2928713,0.0
0.018725106,0.0
6.0073133e-05,0.0
0.14028159,0.0
0.015348283,0.0
3.1825548e-05,0.0
0.020279901,0.0
0.03422416,0.0
0.044382546,0.0
0.011393037,0.0
0.025756275,0.0
0.0338217,0.0
0.027054137,0.0
0.03589791,0.0
0.0031864585,0.0
0.004794762,0.0
0.5049544,0.0
0.4844348,0.0
0.0015055592,0.0
0.06778447,0.0
0.01885858,0.0
0.00026126503,0.0
0.00022249972,0.0
0.0001538196,0.0
0.0138659375,0.0
0.02723415,0.0
0.07695328,0.0
0.00096616545,0.0
0.021899823,0.0
0.00015801904,0.0
0.047746688,0.0
0.049553707,0.0
0.038973156,0.0
0.016688349,0.0
0.106241986,0.0
0.023113843,0.0
0.00074355333,0.0
0.0053767078,0.0
0.22894837,0.0
0.009459536,0.0
0.012927189,0.0
0.0023156626,0.0
0.026917743,0.0
0.030329958,0.0
0.0001729793,0.0
0.010026029,0.0
0.054524094,0.0
0.009478087,0.0
6.871941e-05,0.0
0.004280425,0.0
0.031914312,0.0
0.010723718,0.0
0.00038485683,0.0
0.024969736,0.0
0.00019206683,0.0
0.0014529411,0.0
0.39866832,0.0
0.0027207744,0.0
0.014040089,0.0
0.064811975,0.0
0.12002095,0.0
0.0028184913,0.0
0.031328317,0.0
0.763361,0.0
0.0005730825,0.0
0.012759807,0.0
0.13926682,0.0
0.0072645727,0.0
0.003253634,0.0
0.01543144,0.0
0.042445693,0.0
0.016118476,0.0
0.008588692,0.0
0.9633189,0.0
0.015814405,0.0
0.0060607614,0.0
0.010987352,0.0
0.033029772,0.0
0.007033925,0.0
0.1023457,0.0
9.057884e-05,0.0
0.030100293,0.0
0.007981577,0.0
0.00020580851,0.0
0.03190186,0.0
0.0010215315,0.0
0.58207756,0.0
0.0029015874,0.0
0.0028285931,0.0
0.009564548,0.0
0.004576381,0.0
0.00012445894,0.0
0.9183559,0.0
0.4235238,0.0
0.033338882,0.0
0.003065694,0.0
0.0039861226,0.0
0.7661603,0.0
0.02870132,0.0
0.007463324,0.0
0.0030036361,0.0
0.5811483,0.0
0.004250793,0.0
0.024601346,0.0
0.037827637,0.0
0.0012707756,0.0
0.83500767,0.0
0.024061149,0.0
0.04337737,0.0
0.0039243554,0.0
0.00017583743,0.0
5.5463803e-05,0.0
0.00013906139,0.0
0.7625745,0.0
0.032624684,0.0
0.9747601,0.0
0.007572399,0.0
0.885877,0.0
0.017034559,0.0
0.0017779642,0.0
0.013021771,0.0
0.015851527,0.0
0.0003325675,0.0
0.00013564566,0.0
5.927317e-05,0.0
0.4405092,0.0
0.020804374,0.0
0.019991018,0.0
0.009933089,0.0
0.39475945,0.0
0.016337177,0.0
0.12664351,0.0
0.81846285,0.0
0.010455452,0.0
0.001284907,0.0
0.03031958,0.0
0.0058089974,0.0
0.01812129,0.0
0.0049033836,0.0
0.06292038,0.0
0.00080142316,0.0
0.52112436,0.0
5.2849115e-05,0.0
0.0018395248,0.0
0.018242702,0.0
0.046128873,0.0
0.022195837,0.0
0.74386585,0.0
0.104009114,0.0
0.025148172,0.0
0.04723527,0.0
0.5699524,0.0
0.00064369943,0.0
0.008265322,0.0
0.00014988027,0.0
0.010076826,0.0
0.00044593433,0.0
0.7162051,0.0
0.0038957386,0.0
0.0014942582,0.0
0.00015838411,0.0
0.12685631,0.0
0.050025508,0.0
0.0044875043,0.0
0.050485477,0.0
0.13633864,0.0
0.016664015,0.0
0.028990803,0.0
0.20828727,0.0
0.13742353,0.0
0.06853222,0.0
0.18393146,0.0
0.025927717,0.0
0.039724413,0.0
0.004421377,0.0
0.0029862486,0.0
0.0064358856,0.0
0.006259358,0.0
0.07672291,0.0
0.0096568,0.0
0.9099511,0.0
0.14535895,0.0
0.009994392,0.0
0.7800905,0.0
0.04261576,0.0
0.0117168,0.0
0.0057726167,0.0
0.029786376,0.0
0.00993119,0.0
0.029453292,0.0
0.009553455,0.0
0.08459116,0.0
0.00017439129,0.0
0.014434414,0.0
0.014995247,0.0
0.00039833438,0.0
9.1762595e-05,0.0
0.0034659589,0.0
0.00015490761,0.0
0.51155674,0.0
0.2361288,0.0
0.0005774513,0.0
0.015382687,0.0
0.0036702608,0.0
0.20663421,0.0
0.019775646,0.0
0.92252415,0.0
0.021006014,0.0
0.055797763,0.0
2.778661e-05,0.0
0.002889787,0.0
0.0050560483,0.0
0.015717233,0.0
5.87384e-05,0.0
0.00018003315,0.0
0.022919422,0.0
0.01428023,0.0
0.018657668,0.0
0.31619525,0.0
0.011437409,0.0
0.0006731395,0.0
0.048195403,0.0
1.2083553e-05,0.0
0.9762615,0.0
0.0031257875,0.0
0.010843041,0.0
0.0052871983,0.0
0.21076527,0.0
0.009053993,0.0
0.016534217,0.0
0.00420305,0.0
0.036188427,0.0
0.00989392,0.0
0.003227486,0.0
0.1128195,0.0
0.0021608584,0.0
0.016634539,0.0
0.5276407,0.0
0.0005037745,0.0
0.013851378,0.0
0.0029604787,0.0
0.98732924,0.0
0.06610651,0.0
0.00023953494,0.0
0.04979898,0.0
0.06848818,0.0
0.26718515,0.0
0.00015692414,0.0
0.0005185424,0.0
0.040876795,0.0
0.058198635,0.0
0.047464274,0.0
0.05599088,0.0
0.0026130627,0.0
0.16107225,0.0
0.08192194,0.0
0.00026223733,0.0
0.049090173,0.0
0.9050461,0.0
0.0055797375,0.0
0.23446432,0.0
0.52998465,0.0
0.02917051,0.0
0.00011060073,0.0
0.040430505,0.0
0.020012002,0.0
0.20051666,0.0
0.16390641,0.0
0.04620252,0.0
0.009420493,0.0
0.43895012,0.0
0.00016514181,0.0
0.49377087,0.0
0.43084034,0.0
0.015374679,0.0
0.44833416,0.0
0.76722705,0.0
0.00029186578,0.0
0.74675727,0.0
7.909836e-05,0.0
0.72876346,0.0
0.005997791,0.0
0.030293602,0.0
0.007875943,0.0
2.4059525e-05,0.0
0.008571481,0.0
0.00021278323,0.0
0.048077106,0.0
0.0024735914,0.0
4.6085494e-05,0.0
0.0024354984,0.0
0.0006027963,0.0
0.023970362,0.0
0.82916003,0.0
0.00966786,0.0
0.003553448,0.0
0.00027969928,0.0
0.6928552,0.0
0.012003697,0.0
0.051644765,0.0
0.0050016884,0.0
0.0014431421,0.0
0.011994635,0.0
0.16006368,0.0
0.0111701805,0.0
0.13497949,0.0
0.07911116,0.0
0.22062021,0.0
0.00301872,0.0
0.04635478,0.0
0.013682962,0.0
0.013862507,0.0
0.023428937,0.0
0.86202496,0.0
0.075201534,0.0
0.096708834,0.0
0.006260488,0.0
0.9963277,0.0
0.01944392,0.0
0.000111505615,0.0
0.112164214,0.0
0.002716981,0.0
0.00010793742,0.0
0.0008183238,0.0
0.0008820969,0.0
0.019095648,0.0
0.0078026657,0.0
0.13270195,0.0
0.016314067,0.0
9.9881254e-05,0.0
0.060624477,0.0
0.00011829638,0.0
0.033357207,0.0
0.19865422,0.0
0.009521833,0.0
0.009708169,0.0
0.04283707,0.0
0.0051210364,0.0
0.0034197972,0.0
0.00528675,0.0
0.31279826,0.0
0.027952032,0.0
0.046579428,0.0
0.0042943265,0.0
7.858621e-05,0.0
0.05286483,0.0
0.008226748,0.0
0.014864334,0.0
0.00020517272,0.0
0.008644545,0.0
0.050675422,0.0
0.020435635,0.0
0.3654916,0.0
0.7877599,0.0
0.00030335347,0.0
0.019851545,0.0
0.0021389197,0.0
0.01449402,0.0
0.0010220761,0.0
0.08011589,0.0
8.510472e-05,0.0
0.08678239,0.0
0.024328005,0.0
0.29652312,0.0
2.7482985e-05,0.0
0.0022054487,0.0
0.05262758,0.0
0.7182603,0.0
0.11157433,0.0
6.515715e-05,0.0
0.0029917592,0.0
0.016192287,0.0
0.013188751,0.0
0.72973335,0.0
0.020265287,0.0
0.004686278,0.0
0.00021651431,0.0
0.008400977,0.0
0.00043124327,0.0
0.9935302,0.0
0.054813243,0.0
0.27120084,0.0
0.5518318,0.0
0.031667978,0.0
2.3422974e-05,0.0
0.041862916,0.0
0.088762,0.0
0.03303969,0.0
0.008340517,0.0
0.2443676,0.0
0.0038945042,0.0
0.0017839905,0.0
0.10151968,0.0
0.027709125,0.0
0.027606549,0.0
0.08574233,0.0
0.0018389382,0.0
0.0097292615,0.0
0.019277407,0.0
0.016341569,0.0
0.021028703,0.0
0.014924664,0.0
0.08708443,0.0
0.0022384205,0.0
0.39841092,0.0
0.08369858,0.0
0.041974027,0.0
0.006976354,0.0
0.00036815245,0.0
0.0076509845,0.0
0.0053891405,0.0
0.00514326,0.0
0.30615672,0.0
0.007890383,0.0
0.0021633685,0.0
0.00087796466,0.0
0.0061205155,0.0
0.00846203,0.0
0.5306868,0.0
0.028062494,0.0
0.011216074,0.0
0.09424018,0.0
0.0066025294,0.0
0.023472263,0.0
0.6136731,0.0
0.0022048014,0.0
0.01693591,0.0
0.04275509,0.0
0.81028247,0.0
0.022160554,0.0
0.0010622022,0.0
0.008802285,0.0
0.0013353836,0.0
0.05201626,0.0
0.00012126671,0.0
0.059297543,0.0
0.028990667,0.0
0.00033561446,0.0
0.00023883232,0.0
0.062148504,0.0
0.014910082,0.0
0.000828692,0.0
0.001840885,0.0
0.0044007315,0.0
0.052579794,0.0
0.53644407,0.0
0.0077192527,0.0
0.0002852812,0.0
0.010311128,0.0
0.83225405,0.0
0.057224654,0.0
0.53790367,0.0
0.20846209,0.0
0.0022764076,0.0
0.12642117,0.0
2.9380635e-05,0.0
0.0289056,0.0
0.019814398,0.0
0.022987252,0.0
0.018154778,0.0
0.0016846826,0.0
0.0049271723,0.0
0.015107133,0.0
0.007098236,0.0
0.0031783974,0.0
0.012060509,0.0
0.0024034258,0.0
0.004986172,0.0
0.03585985,0.0
0.086406305,0.0
0.0043423385,0.0
0.0017286028,0.0
0.026268337,0.0
0.042076066,0.0
0.0042202664,0.0
0.0024985182,0.0
0.032150257,0.0
0.00013421573,0.0
0.0029047234,0.0
0.00091909023,0.0
0.005267499,0.0
0.01524966,0.0
0.15655848,0.0
0.054636672,0.0
3.467993e-05,0.0
0.10791834,0.0
0.46392262,0.0
0.0038761846,0.0
0.036022674,0.0
0.14658114,0.0
0.0057864645,0.0
0.016941322,0.0
0.0003823998,0.0
0.06237437,0.0
0.0008925982,0.0
0.047597293,0.0
0.0001913222,0.0
0.8620297,0.0
0.99631613,0.0
0.04520461,0.0
0.00075855944,0.0
0.4670349,0.0
0.07800903,0.0
0.0028471209,0.0
0.002736739,0.0
0.18752685,0.0
0.9001943,0.0
0.00020255195,0.0
0.031529166,0.0
0.45103464,0.0
0.002150417,0.0
0.0017071009,0.0
0.021230109,0.0
0.014830018,0.0
0.0026445827,0.0
0.91993535,0.0
0.27149305,0.0
0.083618656,0.0
0.2787989,0.0
0.007878067,0.0
0.024538526,0.0
0.023096507,0.0
0.16853702,0.0
0.06803053,0.0
0.0068600313,0.0
0.0037315676,0.0
0.0044827103,0.0
3.771272e-05,0.0
0.030851545,0.0
0.0039613764,0.0
0.03752323,0.0
0.036014598,0.0
0.012264932,0.0
0.056934487,0.0
0.0008974933,0.0
0.32249072,0.0
0.0004889115,0.0
0.0024048036,0.0
0.0627749,0.0
0.039490104,0.0
0.030065758,0.0
0.0018219887,0.0
0.032945514,0.0
0.0018728748,0.0
0.00021236327,0.0
0.009830742,0.0
0.014028094,0.0
0.18161406,0.0
0.21640694,0.0
0.023289602,0.0
0.022340402,0.0
0.10562798,0.0
0.047244154,0.0
0.0007896207,0.0
0.0114008,0.0
0.2749213,0.0
0.016125161,0.0
0.1152003,0.0
0.55678767,0.0
0.028678095,0.0
0.29511446,0.0
0.0067129377,0.0
0.0063553117,0.0
0.0073478883,0.0
0.0010802227,0.0
0.0004777653,0.0
0.06617661,0.0
0.005850654,0.0
0.009240291,0.0
0.0036733623,0.0
0.017692117,0.0
0.20980442,0.0
0.007323714,0.0
0.0020431362,0.0
0.012913985,0.0
0.003756097,0.0
0.013529653,0.0
0.74987495,0.0
0.022306949,0.0
0.0025724557,0.0
0.00187297,0.0
0.015749346,0.0
0.012094431,0.0
0.039797947,0.0
0.20858327,0.0
0.0003709032,0.0
0.008568026,0.0
0.003503858,0.0
0.010173186,0.0
0.044411313,0.0
0.00065290486,0.0
0.006277626,0.0
0.021269595,0.0
0.2945463,0.0
0.029891554,0.0
0.17116256,0.0
0.10319537,0.0
0.011332705,0.0
0.0103297755,0.0
0.026033359,0.0
0.10580553,0.0
0.0011276416,0.0
0.62445456,0.0
0.05417742,0.0
0.0189674,0.0
0.004595264,0.0
0.00022759539,0.0
0.0750198,0.0
0.0218647,0.0
0.00791506,0.0
0.002607935,0.0
0.02822019,0.0
0.15467349,0.0
0.024132123,0.0
0.0038507588,0.0
0.004675015,0.0
0.32639062,0.0
0.002115187,0.0
0.012163379,0.0
0.028649066,0.0
0.0007877838,0.0
0.76038903,0.0
0.017911782,0.0
0.0014757569,0.0
0.09404749,0.0
0.07846336,0.0
0.004843628,0.0
0.086195506,0.0
0.020133585,0.0
0.036275595,0.0
0.044047743,0.0
0.90566987,0.0
0.0060349526,0.0
0.044500407,0.0
7.4326585e-05,0.0
0.11117918,0.0
0.018576281,0.0
0.00084480696,0.0
0.0144480495,0.0
0.011969368,0.0
0.07690254,0.0
0.023662081,0.0
0.00032939913,0.0
0.0013157154,0.0
0.019178187,0.0
0.009415245,0.0
0.0013457419,0.0
0.005903108,0.0
0.008549118,0.0
0.049314942,0.0
0.07552451,0.0
0.023794455,0.0
0.031902272,0.0
0.0018807405,0.0
0.0022376017,0.0
0.9824656,0.0
0.033481598,0.0
0.048155203,0.0
0.0002441499,0.0
0.025407743,0.0
6.040839e-05,0.0
0.002903187,0.0
0.0012922068,0.0
0.013518062,0.0
5.4534226e-05,0.0
0.04562252,0.0
0.9991295,0.0
0.07035046,0.0
0.022356894,0.0
0.010688124,0.0
0.13476788,0.0
0.00024520062,0.0
0.01784253,0.0
0.102101125,0.0
0.01146911,0.0
0.0033231338,0.0
0.0045468407,0.0
0.0316171,0.0
0.72639644,0.0
0.016852949,0.0
0.0056207427,0.0
0.006600734,0.0
0.03616365,0.0
0.00028458738,0.0
0.048693404,0.0
0.00029420696,0.0
0.018151747,0.0
0.0053383494,0.0
0.019679872,0.0
0.051922206,0.0
0.00014600257,0.0
0.0018576505,0.0
0.018031957,0.0
0.0344407,0.0
0.015573732,0.0
0.07907285,0.0
0.01735678,0.0
0.00072674366,0.0
0.98641807,0.0
0.19978335,0.0
0.86999273,0.0
0.25505567,0.0
0.0018903014,0.0
0.0025489186,0.0
0.00026936948,0.0
1.9241952e-05,0.0
0.17384262,0.0
0.009391206,0.0
0.001449301,0.0
0.0004900451,0.0
0.027684944,0.0
0.14441985,0.0
0.013219387,0.0
0.008817158,0.0
0.004381877,0.0
0.0024565146,0.0
0.18314525,0.0
0.0022223715,0.0
0.011326952,0.0
0.007674447,0.0
0.0631207,0.0
0.2200522,0.0
0.0044096173,0.0
0.016124329,0.0
0.0033123202,0.0
0.6631157,0.0
0.0217594,0.0
0.00470378,0.0
0.011457871,0.0
0.007363521,0.0
0.00860527,0.0
0.008345212,0.0
0.090830304,0.0
0.013123469,0.0
0.03035994,0.0
0.00015408822,0.0
0.047597148,0.0
0.0065028467,0.0
0.0081939725,0.0
0.030990684,0.0
0.0021958319,0.0
0.004862115,0.0
0.007856613,0.0
0.0031966467,0.0
0.016664227,0.0
0.022788774,0.0
0.0010784962,0.0
0.0004978677,0.0
0.0071197907,0.0
0.0013112188,0.0
0.01757802,0.0
0.2018104,0.0
8.675424e-05,0.0
0.00056158844,0.0
0.00024070093,0.0
2.7335618e-05,0.0
0.0119850375,0.0
0.057481058,0.0
0.00027628723,0.0
0.041422997,0.0
0.00256534,0.0
0.03347557,0.0
0.021505453,0.0
0.11110748,0.0
0.015294564,0.0
0.0018256276,0.0
0.91762966,0.0
0.0054506236,0.0
0.020621307,0.0
0.04652673,0.0
0.006675075,0.0
0.9951658,0.0
0.005625072,0.0
0.97705984,0.0
0.020407958,0.0
0.0018214476,0.0
0.01353886,0.0
0.011312767,0.0
0.010354291,0.0
0.00272035,0.0
0.0036752739,0.0
0.84497625,0.0
0.0015978545,0.0
0.00039277034,0.0
0.053247366,0.0
6.346177e-05,0.0
0.033091925,0.0
0.10030741,0.0
0.0053142337,0.0
0.12724684,0.0
0.000832991,0.0
0.0001371837,0.0
0.045774586,0.0
0.004976165,0.0
0.042738233,0.0
0.0028035932,0.0
0.12673943,0.0
0.011853372,0.0
0.0057984022,0.0
0.06571628,0.0
0.20184791,0.0
0.00014867989,0.0
0.026785674,0.0
0.355095,0.0
0.0763609,0.0
0.107407786,0.0
0.015185582,0.0
0.00025809894,0.0
0.020814143,0.0
0.00040035645,0.0
0.0047601266,0.0
0.0009825409,0.0
0.019132638,0.0
0.010816582,0.0
0.020136813,0.0
0.033720452,0.0
0.01899453,0.0
0.11529986,0.0
0.0031355422,0.0
0.045145743,0.0
0.7325814,0.0
0.0058039213,0.0
0.023271453,0.0
0.0018801697,0.0
0.14579953,0.0
0.006391524,0.0
0.13216975,0.0
6.366628e-05,0.0
0.004667058,0.0
0.005779901,0.0
0.049236543,0.0
0.032720134,0.0
6.0845814e-05,0.0
0.1725757,0.0
0.0024871496,0.0
0.7529355,0.0
0.0013824491,0.0
0.09370934,0.0
0.008059234,0.0
0.0007431924,0.0
0.00022633186,0.0
0.8399011,0.0
0.020676665,0.0
0.012662964,0.0
0.10821555,0.0
0.01864113,0.0
0.0009328732,0.0
0.0041027125,0.0
0.03066229,0.0
0.00930712,0.0
0.0002992598,0.0
0.0009182968,0.0
0.32434434,0.0
0.00049900706,0.0
0.017863473,0.0
0.18512535,0.0
0.86361617,0.0
0.008937055,0.0
0.6101308,0.0
0.27659547,0.0
0.017868225,0.0
0.0013485195,0.0
0.004465833,0.0
0.01663609,0.0
0.0190821,0.0
0.018197104,0.0
0.03988102,0.0
0.007945932,0.0
0.0013576936,0.0
0.0074638603,0.0
0.6573208,0.0
0.0019957542,0.0
0.008227077,0.0
0.015653096,0.0
0.14097613,0.0
0.001039021,0.0
